year,region,area,age_group,sex,value,unit,source
2545,ทั่วประเทศ,รวม,"60-64 ปี",รวม,2073244.00,คน,สำนักงานสถิติแห่งชาติ
2545,ทั่วประเทศ,ในเขตเทศบาล,"60-64 ปี",รวม,651363.00,คน,สำนักงานสถิติแห่งชาติ
2545,ทั่วประเทศ,นอกเขตเทศบาล,"60-64 ปี",รวม,1421881.00,คน,สำนักงานสถิติแห่งชาติ
2545,กรุงเทพมหานคร,ในเขตเทศบาล,"60-64 ปี",รวม,226665.00,คน,สำนักงานสถิติแห่งชาติ
2545,ภาคกลาง(ไม่รวมกรุงเทพมหานคร),รวม,"60-64 ปี",รวม,510948.00,คน,สำนักงานสถิติแห่งชาติ
2545,ภาคเหนือ,รวม,"60-64 ปี",รวม,413014.00,คน,สำนักงานสถิติแห่งชาติ
2545,ภาคตะวันออกเฉียงเหนือ,รวม,"60-64 ปี",รวม,664265.00,คน,สำนักงานสถิติแห่งชาติ
2545,ภาคใต้,รวม,"60-64 ปี",รวม,258352.00,คน,สำนักงานสถิติแห่งชาติ
2545,ทั่วประเทศ,รวม,"65-69 ปี",รวม,1668666.00,คน,สำนักงานสถิติแห่งชาติ
2545,ทั่วประเทศ,ในเขตเทศบาล,"65-69 ปี",รวม,516741.00,คน,สำนักงานสถิติแห่งชาติ
2545,ทั่วประเทศ,นอกเขตเทศบาล,"65-69 ปี",รวม,1151925.00,คน,สำนักงานสถิติแห่งชาติ
2545,กรุงเทพมหานคร,ในเขตเทศบาล,"65-69 ปี",รวม,173941.00,คน,สำนักงานสถิติแห่งชาติ
2545,ภาคกลาง(ไม่รวมกรุงเทพมหานคร),รวม,"65-69 ปี",รวม,423653.00,คน,สำนักงานสถิติแห่งชาติ
2545,ภาคเหนือ,รวม,"65-69 ปี",รวม,359204.00,คน,สำนักงานสถิติแห่งชาติ
2545,ภาคตะวันออกเฉียงเหนือ,รวม,"65-69 ปี",รวม,505767.00,คน,สำนักงานสถิติแห่งชาติ
2545,ภาคใต้,รวม,"65-69 ปี",รวม,206101.00,คน,สำนักงานสถิติแห่งชาติ
2545,ทั่วประเทศ,รวม,"70-74 ปี",รวม,1101189.00,คน,สำนักงานสถิติแห่งชาติ
2545,ทั่วประเทศ,ในเขตเทศบาล,"70-74 ปี",รวม,327015.00,คน,สำนักงานสถิติแห่งชาติ
2545,ทั่วประเทศ,นอกเขตเทศบาล,"70-74 ปี",รวม,774174.00,คน,สำนักงานสถิติแห่งชาติ
2545,กรุงเทพมหานคร,ในเขตเทศบาล,"70-74 ปี",รวม,98832.00,คน,สำนักงานสถิติแห่งชาติ
2545,ภาคกลาง(ไม่รวมกรุงเทพมหานคร),รวม,"70-74 ปี",รวม,277373.00,คน,สำนักงานสถิติแห่งชาติ
2545,ภาคเหนือ,รวม,"70-74 ปี",รวม,248114.00,คน,สำนักงานสถิติแห่งชาติ
2545,ภาคตะวันออกเฉียงเหนือ,รวม,"70-74 ปี",รวม,345440.00,คน,สำนักงานสถิติแห่งชาติ
2545,ภาคใต้,รวม,"70-74 ปี",รวม,131431.00,คน,สำนักงานสถิติแห่งชาติ
2545,ทั่วประเทศ,รวม,"75 ปีขึ้นไป",รวม,1125932.00,คน,สำนักงานสถิติแห่งชาติ
2545,ทั่วประเทศ,ในเขตเทศบาล,"75 ปีขึ้นไป",รวม,356762.00,คน,สำนักงานสถิติแห่งชาติ
2545,ทั่วประเทศ,นอกเขตเทศบาล,"75 ปีขึ้นไป",รวม,769170.00,คน,สำนักงานสถิติแห่งชาติ
2545,กรุงเทพมหานคร,ในเขตเทศบาล,"75 ปีขึ้นไป",รวม,119979.00,คน,สำนักงานสถิติแห่งชาติ
2545,ภาคกลาง(ไม่รวมกรุงเทพมหานคร),รวม,"75 ปีขึ้นไป",รวม,319745.00,คน,สำนักงานสถิติแห่งชาติ
2545,ภาคเหนือ,รวม,"75 ปีขึ้นไป",รวม,236687.00,คน,สำนักงานสถิติแห่งชาติ
2545,ภาคตะวันออกเฉียงเหนือ,รวม,"75 ปีขึ้นไป",รวม,309093.00,คน,สำนักงานสถิติแห่งชาติ
2545,ภาคใต้,รวม,"75 ปีขึ้นไป",รวม,140428.00,คน,สำนักงานสถิติแห่งชาติ
2545,ทั่วประเทศ,รวม,"60-64 ปี",ชาย,975344.00,คน,สำนักงานสถิติแห่งชาติ
2545,ทั่วประเทศ,ในเขตเทศบาล,"60-64 ปี",ชาย,302288.00,คน,สำนักงานสถิติแห่งชาติ
2545,ทั่วประเทศ,นอกเขตเทศบาล,"60-64 ปี",ชาย,673056.00,คน,สำนักงานสถิติแห่งชาติ
2545,กรุงเทพมหานคร,ในเขตเทศบาล,"60-64 ปี",ชาย,104833.00,คน,สำนักงานสถิติแห่งชาติ
2545,ภาคกลาง(ไม่รวมกรุงเทพมหานคร),รวม,"60-64 ปี",ชาย,238304.00,คน,สำนักงานสถิติแห่งชาติ
2545,ภาคเหนือ,รวม,"60-64 ปี",ชาย,197629.00,คน,สำนักงานสถิติแห่งชาติ
2545,ภาคตะวันออกเฉียงเหนือ,รวม,"60-64 ปี",ชาย,310833.00,คน,สำนักงานสถิติแห่งชาติ
2545,ภาคใต้,รวม,"60-64 ปี",ชาย,123746.00,คน,สำนักงานสถิติแห่งชาติ
2545,ทั่วประเทศ,รวม,"65-69 ปี",ชาย,773955.00,คน,สำนักงานสถิติแห่งชาติ
2545,ทั่วประเทศ,ในเขตเทศบาล,"65-69 ปี",ชาย,236151.00,คน,สำนักงานสถิติแห่งชาติ
2545,ทั่วประเทศ,นอกเขตเทศบาล,"65-69 ปี",ชาย,537804.00,คน,สำนักงานสถิติแห่งชาติ
2545,กรุงเทพมหานคร,ในเขตเทศบาล,"65-69 ปี",ชาย,79145.00,คน,สำนักงานสถิติแห่งชาติ
2545,ภาคกลาง(ไม่รวมกรุงเทพมหานคร),รวม,"65-69 ปี",ชาย,195358.00,คน,สำนักงานสถิติแห่งชาติ
2545,ภาคเหนือ,รวม,"65-69 ปี",ชาย,170389.00,คน,สำนักงานสถิติแห่งชาติ
2545,ภาคตะวันออกเฉียงเหนือ,รวม,"65-69 ปี",ชาย,231728.00,คน,สำนักงานสถิติแห่งชาติ
2545,ภาคใต้,รวม,"65-69 ปี",ชาย,97336.00,คน,สำนักงานสถิติแห่งชาติ
2545,ทั่วประเทศ,รวม,"70-74 ปี",ชาย,500762.00,คน,สำนักงานสถิติแห่งชาติ
2545,ทั่วประเทศ,ในเขตเทศบาล,"70-74 ปี",ชาย,144363.00,คน,สำนักงานสถิติแห่งชาติ
2545,ทั่วประเทศ,นอกเขตเทศบาล,"70-74 ปี",ชาย,356400.00,คน,สำนักงานสถิติแห่งชาติ
2545,กรุงเทพมหานคร,ในเขตเทศบาล,"70-74 ปี",ชาย,42000.00,คน,สำนักงานสถิติแห่งชาติ
2545,ภาคกลาง(ไม่รวมกรุงเทพมหานคร),รวม,"70-74 ปี",ชาย,123426.00,คน,สำนักงานสถิติแห่งชาติ
2545,ภาคเหนือ,รวม,"70-74 ปี",ชาย,115367.00,คน,สำนักงานสถิติแห่งชาติ
2545,ภาคตะวันออกเฉียงเหนือ,รวม,"70-74 ปี",ชาย,157941.00,คน,สำนักงานสถิติแห่งชาติ
2545,ภาคใต้,รวม,"70-74 ปี",ชาย,62029.00,คน,สำนักงานสถิติแห่งชาติ
2545,ทั่วประเทศ,รวม,"75 ปีขึ้นไป",ชาย,479034.00,คน,สำนักงานสถิติแห่งชาติ
2545,ทั่วประเทศ,ในเขตเทศบาล,"75 ปีขึ้นไป",ชาย,145897.00,คน,สำนักงานสถิติแห่งชาติ
2545,ทั่วประเทศ,นอกเขตเทศบาล,"75 ปีขึ้นไป",ชาย,333138.00,คน,สำนักงานสถิติแห่งชาติ
2545,กรุงเทพมหานคร,ในเขตเทศบาล,"75 ปีขึ้นไป",ชาย,46661.00,คน,สำนักงานสถิติแห่งชาติ
2545,ภาคกลาง(ไม่รวมกรุงเทพมหานคร),รวม,"75 ปีขึ้นไป",ชาย,131321.00,คน,สำนักงานสถิติแห่งชาติ
2545,ภาคเหนือ,รวม,"75 ปีขึ้นไป",ชาย,104473.00,คน,สำนักงานสถิติแห่งชาติ
2545,ภาคตะวันออกเฉียงเหนือ,รวม,"75 ปีขึ้นไป",ชาย,133676.00,คน,สำนักงานสถิติแห่งชาติ
2545,ภาคใต้,รวม,"75 ปีขึ้นไป",ชาย,62904.00,คน,สำนักงานสถิติแห่งชาติ
2545,ทั่วประเทศ,รวม,"60-64 ปี",หญิง,1097900.00,คน,สำนักงานสถิติแห่งชาติ
2545,ทั่วประเทศ,ในเขตเทศบาล,"60-64 ปี",หญิง,349075.00,คน,สำนักงานสถิติแห่งชาติ
2545,ทั่วประเทศ,นอกเขตเทศบาล,"60-64 ปี",หญิง,748825.00,คน,สำนักงานสถิติแห่งชาติ
2545,กรุงเทพมหานคร,ในเขตเทศบาล,"60-64 ปี",หญิง,121832.00,คน,สำนักงานสถิติแห่งชาติ
2545,ภาคกลาง(ไม่รวมกรุงเทพมหานคร),รวม,"60-64 ปี",หญิง,272645.00,คน,สำนักงานสถิติแห่งชาติ
2545,ภาคเหนือ,รวม,"60-64 ปี",หญิง,215386.00,คน,สำนักงานสถิติแห่งชาติ
2545,ภาคตะวันออกเฉียงเหนือ,รวม,"60-64 ปี",หญิง,353433.00,คน,สำนักงานสถิติแห่งชาติ
2545,ภาคใต้,รวม,"60-64 ปี",หญิง,134606.00,คน,สำนักงานสถิติแห่งชาติ
2545,ทั่วประเทศ,รวม,"65-69 ปี",หญิง,894711.00,คน,สำนักงานสถิติแห่งชาติ
2545,ทั่วประเทศ,ในเขตเทศบาล,"65-69 ปี",หญิง,280590.00,คน,สำนักงานสถิติแห่งชาติ
2545,ทั่วประเทศ,นอกเขตเทศบาล,"65-69 ปี",หญิง,614120.00,คน,สำนักงานสถิติแห่งชาติ
2545,กรุงเทพมหานคร,ในเขตเทศบาล,"65-69 ปี",หญิง,94796.00,คน,สำนักงานสถิติแห่งชาติ
2545,ภาคกลาง(ไม่รวมกรุงเทพมหานคร),รวม,"65-69 ปี",หญิง,228296.00,คน,สำนักงานสถิติแห่งชาติ
2545,ภาคเหนือ,รวม,"65-69 ปี",หญิง,188815.00,คน,สำนักงานสถิติแห่งชาติ
2545,ภาคตะวันออกเฉียงเหนือ,รวม,"65-69 ปี",หญิง,274040.00,คน,สำนักงานสถิติแห่งชาติ
2545,ภาคใต้,รวม,"65-69 ปี",หญิง,108765.00,คน,สำนักงานสถิติแห่งชาติ
2545,ทั่วประเทศ,รวม,"70-74 ปี",หญิง,600426.00,คน,สำนักงานสถิติแห่งชาติ
2545,ทั่วประเทศ,ในเขตเทศบาล,"70-74 ปี",หญิง,182652.00,คน,สำนักงานสถิติแห่งชาติ
2545,ทั่วประเทศ,นอกเขตเทศบาล,"70-74 ปี",หญิง,417774.00,คน,สำนักงานสถิติแห่งชาติ
2545,กรุงเทพมหานคร,ในเขตเทศบาล,"70-74 ปี",หญิง,56832.00,คน,สำนักงานสถิติแห่งชาติ
2545,ภาคกลาง(ไม่รวมกรุงเทพมหานคร),รวม,"70-74 ปี",หญิง,153947.00,คน,สำนักงานสถิติแห่งชาติ
2545,ภาคเหนือ,รวม,"70-74 ปี",หญิง,132747.00,คน,สำนักงานสถิติแห่งชาติ
2545,ภาคตะวันออกเฉียงเหนือ,รวม,"70-74 ปี",หญิง,187499.00,คน,สำนักงานสถิติแห่งชาติ
2545,ภาคใต้,รวม,"70-74 ปี",หญิง,69402.00,คน,สำนักงานสถิติแห่งชาติ
2545,ทั่วประเทศ,รวม,"75 ปีขึ้นไป",หญิง,646898.00,คน,สำนักงานสถิติแห่งชาติ
2545,ทั่วประเทศ,ในเขตเทศบาล,"75 ปีขึ้นไป",หญิง,210865.00,คน,สำนักงานสถิติแห่งชาติ
2545,ทั่วประเทศ,นอกเขตเทศบาล,"75 ปีขึ้นไป",หญิง,436032.00,คน,สำนักงานสถิติแห่งชาติ
2545,กรุงเทพมหานคร,ในเขตเทศบาล,"75 ปีขึ้นไป",หญิง,73318.00,คน,สำนักงานสถิติแห่งชาติ
2545,ภาคกลาง(ไม่รวมกรุงเทพมหานคร),รวม,"75 ปีขึ้นไป",หญิง,188424.00,คน,สำนักงานสถิติแห่งชาติ
2545,ภาคเหนือ,รวม,"75 ปีขึ้นไป",หญิง,132214.00,คน,สำนักงานสถิติแห่งชาติ
2545,ภาคตะวันออกเฉียงเหนือ,รวม,"75 ปีขึ้นไป",หญิง,175418.00,คน,สำนักงานสถิติแห่งชาติ
2545,ภาคใต้,รวม,"75 ปีขึ้นไป",หญิง,77524.00,คน,สำนักงานสถิติแห่งชาติ
2550,ทั่วประเทศ,รวม,"60-69 ปี",รวม,4125253.00,คน,สำนักงานสถิติแห่งชาติ
2550,ทั่วประเทศ,ในเขตเทศบาล,"60-69 ปี",รวม,1182898.00,คน,สำนักงานสถิติแห่งชาติ
2550,ทั่วประเทศ,นอกเขตเทศบาล,"60-69 ปี",รวม,2942355.00,คน,สำนักงานสถิติแห่งชาติ
2550,กรุงเทพมหานคร,ในเขตเทศบาล,"60-69 ปี",รวม,390435.00,คน,สำนักงานสถิติแห่งชาติ
2550,ภาคกลาง(ไม่รวมกรุงเทพมหานคร),รวม,"60-69 ปี",รวม,951059.00,คน,สำนักงานสถิติแห่งชาติ
2550,ภาคเหนือ,รวม,"60-69 ปี",รวม,829705.00,คน,สำนักงานสถิติแห่งชาติ
2550,ภาคตะวันออกเฉียงเหนือ,รวม,"60-69 ปี",รวม,1448595.00,คน,สำนักงานสถิติแห่งชาติ
2550,ภาคใต้,รวม,"60-69 ปี",รวม,505460.00,คน,สำนักงานสถิติแห่งชาติ
2550,ทั่วประเทศ,รวม,"70-79 ปี",รวม,2226712.00,คน,สำนักงานสถิติแห่งชาติ
2550,ทั่วประเทศ,ในเขตเทศบาล,"70-79 ปี",รวม,626687.00,คน,สำนักงานสถิติแห่งชาติ
2550,ทั่วประเทศ,นอกเขตเทศบาล,"70-79 ปี",รวม,1600026.00,คน,สำนักงานสถิติแห่งชาติ
2550,กรุงเทพมหานคร,ในเขตเทศบาล,"70-79 ปี",รวม,192617.00,คน,สำนักงานสถิติแห่งชาติ
2550,ภาคกลาง(ไม่รวมกรุงเทพมหานคร),รวม,"70-79 ปี",รวม,533137.00,คน,สำนักงานสถิติแห่งชาติ
2550,ภาคเหนือ,รวม,"70-79 ปี",รวม,497492.00,คน,สำนักงานสถิติแห่งชาติ
2550,ภาคตะวันออกเฉียงเหนือ,รวม,"70-79 ปี",รวม,712363.00,คน,สำนักงานสถิติแห่งชาติ
2550,ภาคใต้,รวม,"70-79 ปี",รวม,291104.00,คน,สำนักงานสถิติแห่งชาติ
2550,ทั่วประเทศ,รวม,"80 ปีขึ้นไป",รวม,668994.00,คน,สำนักงานสถิติแห่งชาติ
2550,ทั่วประเทศ,ในเขตเทศบาล,"80 ปีขึ้นไป",รวม,195633.00,คน,สำนักงานสถิติแห่งชาติ
2550,ทั่วประเทศ,นอกเขตเทศบาล,"80 ปีขึ้นไป",รวม,473361.00,คน,สำนักงานสถิติแห่งชาติ
2550,กรุงเทพมหานคร,ในเขตเทศบาล,"80 ปีขึ้นไป",รวม,64314.00,คน,สำนักงานสถิติแห่งชาติ
2550,ภาคกลาง(ไม่รวมกรุงเทพมหานคร),รวม,"80 ปีขึ้นไป",รวม,169275.00,คน,สำนักงานสถิติแห่งชาติ
2550,ภาคเหนือ,รวม,"80 ปีขึ้นไป",รวม,140403.00,คน,สำนักงานสถิติแห่งชาติ
2550,ภาคตะวันออกเฉียงเหนือ,รวม,"80 ปีขึ้นไป",รวม,198146.00,คน,สำนักงานสถิติแห่งชาติ
2550,ภาคใต้,รวม,"80 ปีขึ้นไป",รวม,96856.00,คน,สำนักงานสถิติแห่งชาติ
2550,ทั่วประเทศ,รวม,"60-69 ปี",ชาย,1910507.00,คน,สำนักงานสถิติแห่งชาติ
2550,ทั่วประเทศ,ในเขตเทศบาล,"60-69 ปี",ชาย,535264.00,คน,สำนักงานสถิติแห่งชาติ
2550,ทั่วประเทศ,นอกเขตเทศบาล,"60-69 ปี",ชาย,1375243.00,คน,สำนักงานสถิติแห่งชาติ
2550,กรุงเทพมหานคร,ในเขตเทศบาล,"60-69 ปี",ชาย,173799.00,คน,สำนักงานสถิติแห่งชาติ
2550,ภาคกลาง(ไม่รวมกรุงเทพมหานคร),รวม,"60-69 ปี",ชาย,434636.00,คน,สำนักงานสถิติแห่งชาติ
2550,ภาคเหนือ,รวม,"60-69 ปี",ชาย,394125.00,คน,สำนักงานสถิติแห่งชาติ
2550,ภาคตะวันออกเฉียงเหนือ,รวม,"60-69 ปี",ชาย,670612.00,คน,สำนักงานสถิติแห่งชาติ
2550,ภาคใต้,รวม,"60-69 ปี",ชาย,237335.00,คน,สำนักงานสถิติแห่งชาติ
2550,ทั่วประเทศ,รวม,"70-79 ปี",ชาย,962209.00,คน,สำนักงานสถิติแห่งชาติ
2550,ทั่วประเทศ,ในเขตเทศบาล,"70-79 ปี",ชาย,261287.00,คน,สำนักงานสถิติแห่งชาติ
2550,ทั่วประเทศ,นอกเขตเทศบาล,"70-79 ปี",ชาย,700922.00,คน,สำนักงานสถิติแห่งชาติ
2550,กรุงเทพมหานคร,ในเขตเทศบาล,"70-79 ปี",ชาย,76475.00,คน,สำนักงานสถิติแห่งชาติ
2550,ภาคกลาง(ไม่รวมกรุงเทพมหานคร),รวม,"70-79 ปี",ชาย,226373.00,คน,สำนักงานสถิติแห่งชาติ
2550,ภาคเหนือ,รวม,"70-79 ปี",ชาย,227452.00,คน,สำนักงานสถิติแห่งชาติ
2550,ภาคตะวันออกเฉียงเหนือ,รวม,"70-79 ปี",ชาย,304694.00,คน,สำนักงานสถิติแห่งชาติ
2550,ภาคใต้,รวม,"70-79 ปี",ชาย,127215.00,คน,สำนักงานสถิติแห่งชาติ
2550,ทั่วประเทศ,รวม,"80 ปีขึ้นไป",ชาย,258021.00,คน,สำนักงานสถิติแห่งชาติ
2550,ทั่วประเทศ,ในเขตเทศบาล,"80 ปีขึ้นไป",ชาย,72238.00,คน,สำนักงานสถิติแห่งชาติ
2550,ทั่วประเทศ,นอกเขตเทศบาล,"80 ปีขึ้นไป",ชาย,185783.00,คน,สำนักงานสถิติแห่งชาติ
2550,กรุงเทพมหานคร,ในเขตเทศบาล,"80 ปีขึ้นไป",ชาย,22829.00,คน,สำนักงานสถิติแห่งชาติ
2550,ภาคกลาง(ไม่รวมกรุงเทพมหานคร),รวม,"80 ปีขึ้นไป",ชาย,61768.00,คน,สำนักงานสถิติแห่งชาติ
2550,ภาคเหนือ,รวม,"80 ปีขึ้นไป",ชาย,59834.00,คน,สำนักงานสถิติแห่งชาติ
2550,ภาคตะวันออกเฉียงเหนือ,รวม,"80 ปีขึ้นไป",ชาย,76861.00,คน,สำนักงานสถิติแห่งชาติ
2550,ภาคใต้,รวม,"80 ปีขึ้นไป",ชาย,36729.00,คน,สำนักงานสถิติแห่งชาติ
2550,ทั่วประเทศ,รวม,"60-69 ปี",หญิง,2214746.00,คน,สำนักงานสถิติแห่งชาติ
2550,ทั่วประเทศ,ในเขตเทศบาล,"60-69 ปี",หญิง,647635.00,คน,สำนักงานสถิติแห่งชาติ
2550,ทั่วประเทศ,นอกเขตเทศบาล,"60-69 ปี",หญิง,1567112.00,คน,สำนักงานสถิติแห่งชาติ
2550,กรุงเทพมหานคร,ในเขตเทศบาล,"60-69 ปี",หญิง,216636.00,คน,สำนักงานสถิติแห่งชาติ
2550,ภาคกลาง(ไม่รวมกรุงเทพมหานคร),รวม,"60-69 ปี",หญิง,516423.00,คน,สำนักงานสถิติแห่งชาติ
2550,ภาคเหนือ,รวม,"60-69 ปี",หญิง,435580.00,คน,สำนักงานสถิติแห่งชาติ
2550,ภาคตะวันออกเฉียงเหนือ,รวม,"60-69 ปี",หญิง,777983.00,คน,สำนักงานสถิติแห่งชาติ
2550,ภาคใต้,รวม,"60-69 ปี",หญิง,268125.00,คน,สำนักงานสถิติแห่งชาติ
2550,ทั่วประเทศ,รวม,"70-79 ปี",หญิง,1264504.00,คน,สำนักงานสถิติแห่งชาติ
2550,ทั่วประเทศ,ในเขตเทศบาล,"70-79 ปี",หญิง,365400.00,คน,สำนักงานสถิติแห่งชาติ
2550,ทั่วประเทศ,นอกเขตเทศบาล,"70-79 ปี",หญิง,899104.00,คน,สำนักงานสถิติแห่งชาติ
2550,กรุงเทพมหานคร,ในเขตเทศบาล,"70-79 ปี",หญิง,116142.00,คน,สำนักงานสถิติแห่งชาติ
2550,ภาคกลาง(ไม่รวมกรุงเทพมหานคร),รวม,"70-79 ปี",หญิง,306764.00,คน,สำนักงานสถิติแห่งชาติ
2550,ภาคเหนือ,รวม,"70-79 ปี",หญิง,270040.00,คน,สำนักงานสถิติแห่งชาติ
2550,ภาคตะวันออกเฉียงเหนือ,รวม,"70-79 ปี",หญิง,407669.00,คน,สำนักงานสถิติแห่งชาติ
2550,ภาคใต้,รวม,"70-79 ปี",หญิง,163889.00,คน,สำนักงานสถิติแห่งชาติ
2550,ทั่วประเทศ,รวม,"80 ปีขึ้นไป",หญิง,410973.00,คน,สำนักงานสถิติแห่งชาติ
2550,ทั่วประเทศ,ในเขตเทศบาล,"80 ปีขึ้นไป",หญิง,123395.00,คน,สำนักงานสถิติแห่งชาติ
2550,ทั่วประเทศ,นอกเขตเทศบาล,"80 ปีขึ้นไป",หญิง,287578.00,คน,สำนักงานสถิติแห่งชาติ
2550,กรุงเทพมหานคร,ในเขตเทศบาล,"80 ปีขึ้นไป",หญิง,41485.00,คน,สำนักงานสถิติแห่งชาติ
2550,ภาคกลาง(ไม่รวมกรุงเทพมหานคร),รวม,"80 ปีขึ้นไป",หญิง,107507.00,คน,สำนักงานสถิติแห่งชาติ
2550,ภาคเหนือ,รวม,"80 ปีขึ้นไป",หญิง,80569.00,คน,สำนักงานสถิติแห่งชาติ
2550,ภาคตะวันออกเฉียงเหนือ,รวม,"80 ปีขึ้นไป",หญิง,121285.00,คน,สำนักงานสถิติแห่งชาติ
2550,ภาคใต้,รวม,"80 ปีขึ้นไป",หญิง,60127.00,คน,สำนักงานสถิติแห่งชาติ
2554,ทั่วประเทศ,รวม,"60-69 ปี",รวม,4780195.00,คน,สำนักงานสถิติแห่งชาติ
2554,ทั่วประเทศ,ในเขตเทศบาล,"60-69 ปี",รวม,1608823.00,คน,สำนักงานสถิติแห่งชาติ
2554,ทั่วประเทศ,นอกเขตเทศบาล,"60-69 ปี",รวม,3171372.00,คน,สำนักงานสถิติแห่งชาติ
2554,กรุงเทพมหานคร,ในเขตเทศบาล,"60-69 ปี",รวม,486603.00,คน,สำนักงานสถิติแห่งชาติ
2554,ภาคกลาง(ไม่รวมกรุงเทพมหานคร),รวม,"60-69 ปี",รวม,1082657.00,คน,สำนักงานสถิติแห่งชาติ
2554,ภาคเหนือ,รวม,"60-69 ปี",รวม,941187.00,คน,สำนักงานสถิติแห่งชาติ
2554,ภาคตะวันออกเฉียงเหนือ,รวม,"60-69 ปี",รวม,1702834.00,คน,สำนักงานสถิติแห่งชาติ
2554,ภาคใต้,รวม,"60-69 ปี",รวม,566914.00,คน,สำนักงานสถิติแห่งชาติ
2554,ทั่วประเทศ,รวม,"70-79 ปี",รวม,2642933.00,คน,สำนักงานสถิติแห่งชาติ
2554,ทั่วประเทศ,ในเขตเทศบาล,"70-79 ปี",รวม,876557.00,คน,สำนักงานสถิติแห่งชาติ
2554,ทั่วประเทศ,นอกเขตเทศบาล,"70-79 ปี",รวม,1766376.00,คน,สำนักงานสถิติแห่งชาติ
2554,กรุงเทพมหานคร,ในเขตเทศบาล,"70-79 ปี",รวม,246042.00,คน,สำนักงานสถิติแห่งชาติ
2554,ภาคกลาง(ไม่รวมกรุงเทพมหานคร),รวม,"70-79 ปี",รวม,626985.00,คน,สำนักงานสถิติแห่งชาติ
2554,ภาคเหนือ,รวม,"70-79 ปี",รวม,560782.00,คน,สำนักงานสถิติแห่งชาติ
2554,ภาคตะวันออกเฉียงเหนือ,รวม,"70-79 ปี",รวม,860411.00,คน,สำนักงานสถิติแห่งชาติ
2554,ภาคใต้,รวม,"70-79 ปี",รวม,348713.00,คน,สำนักงานสถิติแห่งชาติ
2554,ทั่วประเทศ,รวม,"80 ปีขึ้นไป",รวม,843176.00,คน,สำนักงานสถิติแห่งชาติ
2554,ทั่วประเทศ,ในเขตเทศบาล,"80 ปีขึ้นไป",รวม,283046.00,คน,สำนักงานสถิติแห่งชาติ
2554,ทั่วประเทศ,นอกเขตเทศบาล,"80 ปีขึ้นไป",รวม,560130.00,คน,สำนักงานสถิติแห่งชาติ
2554,กรุงเทพมหานคร,ในเขตเทศบาล,"80 ปีขึ้นไป",รวม,81659.00,คน,สำนักงานสถิติแห่งชาติ
2554,ภาคกลาง(ไม่รวมกรุงเทพมหานคร),รวม,"80 ปีขึ้นไป",รวม,205753.00,คน,สำนักงานสถิติแห่งชาติ
2554,ภาคเหนือ,รวม,"80 ปีขึ้นไป",รวม,178726.00,คน,สำนักงานสถิติแห่งชาติ
2554,ภาคตะวันออกเฉียงเหนือ,รวม,"80 ปีขึ้นไป",รวม,254147.00,คน,สำนักงานสถิติแห่งชาติ
2554,ภาคใต้,รวม,"80 ปีขึ้นไป",รวม,122891.00,คน,สำนักงานสถิติแห่งชาติ
2554,ทั่วประเทศ,รวม,"60-69 ปี",ชาย,2212709.00,คน,สำนักงานสถิติแห่งชาติ
2554,ทั่วประเทศ,ในเขตเทศบาล,"60-69 ปี",ชาย,730502.00,คน,สำนักงานสถิติแห่งชาติ
2554,ทั่วประเทศ,นอกเขตเทศบาล,"60-69 ปี",ชาย,1482207.00,คน,สำนักงานสถิติแห่งชาติ
2554,กรุงเทพมหานคร,ในเขตเทศบาล,"60-69 ปี",ชาย,217974.00,คน,สำนักงานสถิติแห่งชาติ
2554,ภาคกลาง(ไม่รวมกรุงเทพมหานคร),รวม,"60-69 ปี",ชาย,490445.00,คน,สำนักงานสถิติแห่งชาติ
2554,ภาคเหนือ,รวม,"60-69 ปี",ชาย,443642.00,คน,สำนักงานสถิติแห่งชาติ
2554,ภาคตะวันออกเฉียงเหนือ,รวม,"60-69 ปี",ชาย,796238.00,คน,สำนักงานสถิติแห่งชาติ
2554,ภาคใต้,รวม,"60-69 ปี",ชาย,264410.00,คน,สำนักงานสถิติแห่งชาติ
2554,ทั่วประเทศ,รวม,"70-79 ปี",ชาย,1120698.00,คน,สำนักงานสถิติแห่งชาติ
2554,ทั่วประเทศ,ในเขตเทศบาล,"70-79 ปี",ชาย,363378.00,คน,สำนักงานสถิติแห่งชาติ
2554,ทั่วประเทศ,นอกเขตเทศบาล,"70-79 ปี",ชาย,757320.00,คน,สำนักงานสถิติแห่งชาติ
2554,กรุงเทพมหานคร,ในเขตเทศบาล,"70-79 ปี",ชาย,98650.00,คน,สำนักงานสถิติแห่งชาติ
2554,ภาคกลาง(ไม่รวมกรุงเทพมหานคร),รวม,"70-79 ปี",ชาย,261645.00,คน,สำนักงานสถิติแห่งชาติ
2554,ภาคเหนือ,รวม,"70-79 ปี",ชาย,244598.00,คน,สำนักงานสถิติแห่งชาติ
2554,ภาคตะวันออกเฉียงเหนือ,รวม,"70-79 ปี",ชาย,366675.00,คน,สำนักงานสถิติแห่งชาติ
2554,ภาคใต้,รวม,"70-79 ปี",ชาย,149130.00,คน,สำนักงานสถิติแห่งชาติ
2554,ทั่วประเทศ,รวม,"80 ปีขึ้นไป",ชาย,308182.00,คน,สำนักงานสถิติแห่งชาติ
2554,ทั่วประเทศ,ในเขตเทศบาล,"80 ปีขึ้นไป",ชาย,99623.00,คน,สำนักงานสถิติแห่งชาติ
2554,ทั่วประเทศ,นอกเขตเทศบาล,"80 ปีขึ้นไป",ชาย,208559.00,คน,สำนักงานสถิติแห่งชาติ
2554,กรุงเทพมหานคร,ในเขตเทศบาล,"80 ปีขึ้นไป",ชาย,26915.00,คน,สำนักงานสถิติแห่งชาติ
2554,ภาคกลาง(ไม่รวมกรุงเทพมหานคร),รวม,"80 ปีขึ้นไป",ชาย,71971.00,คน,สำนักงานสถิติแห่งชาติ
2554,ภาคเหนือ,รวม,"80 ปีขึ้นไป",ชาย,68224.00,คน,สำนักงานสถิติแห่งชาติ
2554,ภาคตะวันออกเฉียงเหนือ,รวม,"80 ปีขึ้นไป",ชาย,95992.00,คน,สำนักงานสถิติแห่งชาติ
2554,ภาคใต้,รวม,"80 ปีขึ้นไป",ชาย,45080.00,คน,สำนักงานสถิติแห่งชาติ
2554,ทั่วประเทศ,รวม,"60-69 ปี",หญิง,2567486.00,คน,สำนักงานสถิติแห่งชาติ
2554,ทั่วประเทศ,ในเขตเทศบาล,"60-69 ปี",หญิง,878321.00,คน,สำนักงานสถิติแห่งชาติ
2554,ทั่วประเทศ,นอกเขตเทศบาล,"60-69 ปี",หญิง,1689165.00,คน,สำนักงานสถิติแห่งชาติ
2554,กรุงเทพมหานคร,ในเขตเทศบาล,"60-69 ปี",หญิง,268629.00,คน,สำนักงานสถิติแห่งชาติ
2554,ภาคกลาง(ไม่รวมกรุงเทพมหานคร),รวม,"60-69 ปี",หญิง,592212.00,คน,สำนักงานสถิติแห่งชาติ
2554,ภาคเหนือ,รวม,"60-69 ปี",หญิง,497545.00,คน,สำนักงานสถิติแห่งชาติ
2554,ภาคตะวันออกเฉียงเหนือ,รวม,"60-69 ปี",หญิง,906596.00,คน,สำนักงานสถิติแห่งชาติ
2554,ภาคใต้,รวม,"60-69 ปี",หญิง,302504.00,คน,สำนักงานสถิติแห่งชาติ
2554,ทั่วประเทศ,รวม,"70-79 ปี",หญิง,1522235.00,คน,สำนักงานสถิติแห่งชาติ
2554,ทั่วประเทศ,ในเขตเทศบาล,"70-79 ปี",หญิง,513179.00,คน,สำนักงานสถิติแห่งชาติ
2554,ทั่วประเทศ,นอกเขตเทศบาล,"70-79 ปี",หญิง,1009056.00,คน,สำนักงานสถิติแห่งชาติ
2554,กรุงเทพมหานคร,ในเขตเทศบาล,"70-79 ปี",หญิง,147392.00,คน,สำนักงานสถิติแห่งชาติ
2554,ภาคกลาง(ไม่รวมกรุงเทพมหานคร),รวม,"70-79 ปี",หญิง,365340.00,คน,สำนักงานสถิติแห่งชาติ
2554,ภาคเหนือ,รวม,"70-79 ปี",หญิง,316184.00,คน,สำนักงานสถิติแห่งชาติ
2554,ภาคตะวันออกเฉียงเหนือ,รวม,"70-79 ปี",หญิง,493736.00,คน,สำนักงานสถิติแห่งชาติ
2554,ภาคใต้,รวม,"70-79 ปี",หญิง,199583.00,คน,สำนักงานสถิติแห่งชาติ
2554,ทั่วประเทศ,รวม,"80 ปีขึ้นไป",หญิง,534994.00,คน,สำนักงานสถิติแห่งชาติ
2554,ทั่วประเทศ,ในเขตเทศบาล,"80 ปีขึ้นไป",หญิง,183423.00,คน,สำนักงานสถิติแห่งชาติ
2554,ทั่วประเทศ,นอกเขตเทศบาล,"80 ปีขึ้นไป",หญิง,351571.00,คน,สำนักงานสถิติแห่งชาติ
2554,กรุงเทพมหานคร,ในเขตเทศบาล,"80 ปีขึ้นไป",หญิง,54744.00,คน,สำนักงานสถิติแห่งชาติ
2554,ภาคกลาง(ไม่รวมกรุงเทพมหานคร),รวม,"80 ปีขึ้นไป",หญิง,133782.00,คน,สำนักงานสถิติแห่งชาติ
2554,ภาคเหนือ,รวม,"80 ปีขึ้นไป",หญิง,110502.00,คน,สำนักงานสถิติแห่งชาติ
2554,ภาคตะวันออกเฉียงเหนือ,รวม,"80 ปีขึ้นไป",หญิง,158155.00,คน,สำนักงานสถิติแห่งชาติ
2554,ภาคใต้,รวม,"80 ปีขึ้นไป",หญิง,77811.00,คน,สำนักงานสถิติแห่งชาติ
2557,ทั่วประเทศ,รวม,รวม,รวม,10014705.00,คน,สำนักงานสถิติแห่งชาติ
2557,ทั่วประเทศ,ในเขตเทศบาล,รวม,รวม,4097963.00,คน,สำนักงานสถิติแห่งชาติ
2557,ทั่วประเทศ,นอกเขตเทศบาล,รวม,รวม,5916742.00,คน,สำนักงานสถิติแห่งชาติ
2557,กรุงเทพมหานคร,ในเขตเทศบาล,รวม,รวม,942586.00,คน,สำนักงานสถิติแห่งชาติ
2557,ภาคกลาง(ไม่รวมกรุงเทพมหานคร),รวม,รวม,รวม,2561881.00,คน,สำนักงานสถิติแห่งชาติ
2557,ภาคเหนือ,รวม,รวม,รวม,2117550.00,คน,สำนักงานสถิติแห่งชาติ
2557,ภาคตะวันออกเฉียงเหนือ,รวม,รวม,รวม,3192932.00,คน,สำนักงานสถิติแห่งชาติ
2557,ภาคใต้,รวม,รวม,รวม,1199756.00,คน,สำนักงานสถิติแห่งชาติ
2557,ทั่วประเทศ,รวม,"60-64 ปี",รวม,3318193.00,คน,สำนักงานสถิติแห่งชาติ
2557,ทั่วประเทศ,ในเขตเทศบาล,"60-64 ปี",รวม,1394071.00,คน,สำนักงานสถิติแห่งชาติ
2557,ทั่วประเทศ,นอกเขตเทศบาล,"60-64 ปี",รวม,1924122.00,คน,สำนักงานสถิติแห่งชาติ
2557,กรุงเทพมหานคร,ในเขตเทศบาล,"60-64 ปี",รวม,346802.00,คน,สำนักงานสถิติแห่งชาติ
2557,ภาคกลาง(ไม่รวมกรุงเทพมหานคร),รวม,"60-64 ปี",รวม,850820.00,คน,สำนักงานสถิติแห่งชาติ
2557,ภาคเหนือ,รวม,"60-64 ปี",รวม,716730.00,คน,สำนักงานสถิติแห่งชาติ
2557,ภาคตะวันออกเฉียงเหนือ,รวม,"60-64 ปี",รวม,1031475.00,คน,สำนักงานสถิติแห่งชาติ
2557,ภาคใต้,รวม,"60-64 ปี",รวม,372366.00,คน,สำนักงานสถิติแห่งชาติ
2557,ทั่วประเทศ,รวม,"65-69 ปี",รวม,2336991.00,คน,สำนักงานสถิติแห่งชาติ
2557,ทั่วประเทศ,ในเขตเทศบาล,"65-69 ปี",รวม,949490.00,คน,สำนักงานสถิติแห่งชาติ
2557,ทั่วประเทศ,นอกเขตเทศบาล,"65-69 ปี",รวม,1387501.00,คน,สำนักงานสถิติแห่งชาติ
2557,กรุงเทพมหานคร,ในเขตเทศบาล,"65-69 ปี",รวม,213380.00,คน,สำนักงานสถิติแห่งชาติ
2557,ภาคกลาง(ไม่รวมกรุงเทพมหานคร),รวม,"65-69 ปี",รวม,584408.00,คน,สำนักงานสถิติแห่งชาติ
2557,ภาคเหนือ,รวม,"65-69 ปี",รวม,468795.00,คน,สำนักงานสถิติแห่งชาติ
2557,ภาคตะวันออกเฉียงเหนือ,รวม,"65-69 ปี",รวม,803301.00,คน,สำนักงานสถิติแห่งชาติ
2557,ภาคใต้,รวม,"65-69 ปี",รวม,267107.00,คน,สำนักงานสถิติแห่งชาติ
2557,ทั่วประเทศ,รวม,"70-74 ปี",รวม,1744762.00,คน,สำนักงานสถิติแห่งชาติ
2557,ทั่วประเทศ,ในเขตเทศบาล,"70-74 ปี",รวม,700975.00,คน,สำนักงานสถิติแห่งชาติ
2557,ทั่วประเทศ,นอกเขตเทศบาล,"70-74 ปี",รวม,1043787.00,คน,สำนักงานสถิติแห่งชาติ
2557,กรุงเทพมหานคร,ในเขตเทศบาล,"70-74 ปี",รวม,153808.00,คน,สำนักงานสถิติแห่งชาติ
2557,ภาคกลาง(ไม่รวมกรุงเทพมหานคร),รวม,"70-74 ปี",รวม,445372.00,คน,สำนักงานสถิติแห่งชาติ
2557,ภาคเหนือ,รวม,"70-74 ปี",รวม,357613.00,คน,สำนักงานสถิติแห่งชาติ
2557,ภาคตะวันออกเฉียงเหนือ,รวม,"70-74 ปี",รวม,577928.00,คน,สำนักงานสถิติแห่งชาติ
2557,ภาคใต้,รวม,"70-74 ปี",รวม,210041.00,คน,สำนักงานสถิติแห่งชาติ
2557,ทั่วประเทศ,รวม,"75-79 ปี",รวม,1250936.00,คน,สำนักงานสถิติแห่งชาติ
2557,ทั่วประเทศ,ในเขตเทศบาล,"75-79 ปี",รวม,504953.00,คน,สำนักงานสถิติแห่งชาติ
2557,ทั่วประเทศ,นอกเขตเทศบาล,"75-79 ปี",รวม,745983.00,คน,สำนักงานสถิติแห่งชาติ
2557,กรุงเทพมหานคร,ในเขตเทศบาล,"75-79 ปี",รวม,109788.00,คน,สำนักงานสถิติแห่งชาติ
2557,ภาคกลาง(ไม่รวมกรุงเทพมหานคร),รวม,"75-79 ปี",รวม,327982.00,คน,สำนักงานสถิติแห่งชาติ
2557,ภาคเหนือ,รวม,"75-79 ปี",รวม,270440.00,คน,สำนักงานสถิติแห่งชาติ
2557,ภาคตะวันออกเฉียงเหนือ,รวม,"75-79 ปี",รวม,380183.00,คน,สำนักงานสถิติแห่งชาติ
2557,ภาคใต้,รวม,"75-79 ปี",รวม,162543.00,คน,สำนักงานสถิติแห่งชาติ
2557,ทั่วประเทศ,รวม,"80 ปีขึ้นไป",รวม,1363823.00,คน,สำนักงานสถิติแห่งชาติ
2557,ทั่วประเทศ,ในเขตเทศบาล,"80 ปีขึ้นไป",รวม,548474.00,คน,สำนักงานสถิติแห่งชาติ
2557,ทั่วประเทศ,นอกเขตเทศบาล,"80 ปีขึ้นไป",รวม,815349.00,คน,สำนักงานสถิติแห่งชาติ
2557,กรุงเทพมหานคร,ในเขตเทศบาล,"80 ปีขึ้นไป",รวม,118808.00,คน,สำนักงานสถิติแห่งชาติ
2557,ภาคกลาง(ไม่รวมกรุงเทพมหานคร),รวม,"80 ปีขึ้นไป",รวม,353299.00,คน,สำนักงานสถิติแห่งชาติ
2557,ภาคเหนือ,รวม,"80 ปีขึ้นไป",รวม,303972.00,คน,สำนักงานสถิติแห่งชาติ
2557,ภาคตะวันออกเฉียงเหนือ,รวม,"80 ปีขึ้นไป",รวม,400045.00,คน,สำนักงานสถิติแห่งชาติ
2557,ภาคใต้,รวม,"80 ปีขึ้นไป",รวม,187699.00,คน,สำนักงานสถิติแห่งชาติ
2557,ทั่วประเทศ,รวม,รวม,ชาย,4514815.00,คน,สำนักงานสถิติแห่งชาติ
2557,ทั่วประเทศ,ในเขตเทศบาล,รวม,ชาย,1821569.00,คน,สำนักงานสถิติแห่งชาติ
2557,ทั่วประเทศ,นอกเขตเทศบาล,รวม,ชาย,2693246.00,คน,สำนักงานสถิติแห่งชาติ
2557,กรุงเทพมหานคร,ในเขตเทศบาล,รวม,ชาย,412760.00,คน,สำนักงานสถิติแห่งชาติ
2557,ภาคกลาง(ไม่รวมกรุงเทพมหานคร),รวม,รวม,ชาย,1132330.00,คน,สำนักงานสถิติแห่งชาติ
2557,ภาคเหนือ,รวม,รวม,ชาย,977353.00,คน,สำนักงานสถิติแห่งชาติ
2557,ภาคตะวันออกเฉียงเหนือ,รวม,รวม,ชาย,1454036.00,คน,สำนักงานสถิติแห่งชาติ
2557,ภาคใต้,รวม,รวม,ชาย,538336.00,คน,สำนักงานสถิติแห่งชาติ
2557,ทั่วประเทศ,รวม,"60-64 ปี",ชาย,1565047.00,คน,สำนักงานสถิติแห่งชาติ
2557,ทั่วประเทศ,ในเขตเทศบาล,"60-64 ปี",ชาย,650102.00,คน,สำนักงานสถิติแห่งชาติ
2557,ทั่วประเทศ,นอกเขตเทศบาล,"60-64 ปี",ชาย,914945.00,คน,สำนักงานสถิติแห่งชาติ
2557,กรุงเทพมหานคร,ในเขตเทศบาล,"60-64 ปี",ชาย,161969.00,คน,สำนักงานสถิติแห่งชาติ
2557,ภาคกลาง(ไม่รวมกรุงเทพมหานคร),รวม,"60-64 ปี",ชาย,392690.00,คน,สำนักงานสถิติแห่งชาติ
2557,ภาคเหนือ,รวม,"60-64 ปี",ชาย,342608.00,คน,สำนักงานสถิติแห่งชาติ
2557,ภาคตะวันออกเฉียงเหนือ,รวม,"60-64 ปี",ชาย,491847.00,คน,สำนักงานสถิติแห่งชาติ
2557,ภาคใต้,รวม,"60-64 ปี",ชาย,175933.00,คน,สำนักงานสถิติแห่งชาติ
2557,ทั่วประเทศ,รวม,"65-69 ปี",ชาย,1087072.00,คน,สำนักงานสถิติแห่งชาติ
2557,ทั่วประเทศ,ในเขตเทศบาล,"65-69 ปี",ชาย,434797.00,คน,สำนักงานสถิติแห่งชาติ
2557,ทั่วประเทศ,นอกเขตเทศบาล,"65-69 ปี",ชาย,652275.00,คน,สำนักงานสถิติแห่งชาติ
2557,กรุงเทพมหานคร,ในเขตเทศบาล,"65-69 ปี",ชาย,93952.00,คน,สำนักงานสถิติแห่งชาติ
2557,ภาคกลาง(ไม่รวมกรุงเทพมหานคร),รวม,"65-69 ปี",ชาย,267868.00,คน,สำนักงานสถิติแห่งชาติ
2557,ภาคเหนือ,รวม,"65-69 ปี",ชาย,223282.00,คน,สำนักงานสถิติแห่งชาติ
2557,ภาคตะวันออกเฉียงเหนือ,รวม,"65-69 ปี",ชาย,378086.00,คน,สำนักงานสถิติแห่งชาติ
2557,ภาคใต้,รวม,"65-69 ปี",ชาย,123884.00,คน,สำนักงานสถิติแห่งชาติ
2557,ทั่วประเทศ,รวม,"70-74 ปี",ชาย,787334.00,คน,สำนักงานสถิติแห่งชาติ
2557,ทั่วประเทศ,ในเขตเทศบาล,"70-74 ปี",ชาย,310656.00,คน,สำนักงานสถิติแห่งชาติ
2557,ทั่วประเทศ,นอกเขตเทศบาล,"70-74 ปี",ชาย,476678.00,คน,สำนักงานสถิติแห่งชาติ
2557,กรุงเทพมหานคร,ในเขตเทศบาล,"70-74 ปี",ชาย,66211.00,คน,สำนักงานสถิติแห่งชาติ
2557,ภาคกลาง(ไม่รวมกรุงเทพมหานคร),รวม,"70-74 ปี",ชาย,197197.00,คน,สำนักงานสถิติแห่งชาติ
2557,ภาคเหนือ,รวม,"70-74 ปี",ชาย,165865.00,คน,สำนักงานสถิติแห่งชาติ
2557,ภาคตะวันออกเฉียงเหนือ,รวม,"70-74 ปี",ชาย,262551.00,คน,สำนักงานสถิติแห่งชาติ
2557,ภาคใต้,รวม,"70-74 ปี",ชาย,95510.00,คน,สำนักงานสถิติแห่งชาติ
2557,ทั่วประเทศ,รวม,"75-79 ปี",ชาย,537933.00,คน,สำนักงานสถิติแห่งชาติ
2557,ทั่วประเทศ,ในเขตเทศบาล,"75-79 ปี",ชาย,214030.00,คน,สำนักงานสถิติแห่งชาติ
2557,ทั่วประเทศ,นอกเขตเทศบาล,"75-79 ปี",ชาย,323903.00,คน,สำนักงานสถิติแห่งชาติ
2557,กรุงเทพมหานคร,ในเขตเทศบาล,"75-79 ปี",ชาย,46024.00,คน,สำนักงานสถิติแห่งชาติ
2557,ภาคกลาง(ไม่รวมกรุงเทพมหานคร),รวม,"75-79 ปี",ชาย,139334.00,คน,สำนักงานสถิติแห่งชาติ
2557,ภาคเหนือ,รวม,"75-79 ปี",ชาย,120098.00,คน,สำนักงานสถิติแห่งชาติ
2557,ภาคตะวันออกเฉียงเหนือ,รวม,"75-79 ปี",ชาย,163076.00,คน,สำนักงานสถิติแห่งชาติ
2557,ภาคใต้,รวม,"75-79 ปี",ชาย,69401.00,คน,สำนักงานสถิติแห่งชาติ
2557,ทั่วประเทศ,รวม,"80 ปีขึ้นไป",ชาย,537429.00,คน,สำนักงานสถิติแห่งชาติ
2557,ทั่วประเทศ,ในเขตเทศบาล,"80 ปีขึ้นไป",ชาย,211984.00,คน,สำนักงานสถิติแห่งชาติ
2557,ทั่วประเทศ,นอกเขตเทศบาล,"80 ปีขึ้นไป",ชาย,325445.00,คน,สำนักงานสถิติแห่งชาติ
2557,กรุงเทพมหานคร,ในเขตเทศบาล,"80 ปีขึ้นไป",ชาย,44604.00,คน,สำนักงานสถิติแห่งชาติ
2557,ภาคกลาง(ไม่รวมกรุงเทพมหานคร),รวม,"80 ปีขึ้นไป",ชาย,135241.00,คน,สำนักงานสถิติแห่งชาติ
2557,ภาคเหนือ,รวม,"80 ปีขึ้นไป",ชาย,125500.00,คน,สำนักงานสถิติแห่งชาติ
2557,ภาคตะวันออกเฉียงเหนือ,รวม,"80 ปีขึ้นไป",ชาย,158476.00,คน,สำนักงานสถิติแห่งชาติ
2557,ภาคใต้,รวม,"80 ปีขึ้นไป",ชาย,73608.00,คน,สำนักงานสถิติแห่งชาติ
2557,ทั่วประเทศ,รวม,รวม,หญิง,5499890.00,คน,สำนักงานสถิติแห่งชาติ
2557,ทั่วประเทศ,ในเขตเทศบาล,รวม,หญิง,2276394.00,คน,สำนักงานสถิติแห่งชาติ
2557,ทั่วประเทศ,นอกเขตเทศบาล,รวม,หญิง,3223496.00,คน,สำนักงานสถิติแห่งชาติ
2557,กรุงเทพมหานคร,ในเขตเทศบาล,รวม,หญิง,529826.00,คน,สำนักงานสถิติแห่งชาติ
2557,ภาคกลาง(ไม่รวมกรุงเทพมหานคร),รวม,รวม,หญิง,1429551.00,คน,สำนักงานสถิติแห่งชาติ
2557,ภาคเหนือ,รวม,รวม,หญิง,1140197.00,คน,สำนักงานสถิติแห่งชาติ
2557,ภาคตะวันออกเฉียงเหนือ,รวม,รวม,หญิง,1738896.00,คน,สำนักงานสถิติแห่งชาติ
2557,ภาคใต้,รวม,รวม,หญิง,661420.00,คน,สำนักงานสถิติแห่งชาติ
2557,ทั่วประเทศ,รวม,"60-64 ปี",หญิง,1753146.00,คน,สำนักงานสถิติแห่งชาติ
2557,ทั่วประเทศ,ในเขตเทศบาล,"60-64 ปี",หญิง,743969.00,คน,สำนักงานสถิติแห่งชาติ
2557,ทั่วประเทศ,นอกเขตเทศบาล,"60-64 ปี",หญิง,1009177.00,คน,สำนักงานสถิติแห่งชาติ
2557,กรุงเทพมหานคร,ในเขตเทศบาล,"60-64 ปี",หญิง,184833.00,คน,สำนักงานสถิติแห่งชาติ
2557,ภาคกลาง(ไม่รวมกรุงเทพมหานคร),รวม,"60-64 ปี",หญิง,458130.00,คน,สำนักงานสถิติแห่งชาติ
2557,ภาคเหนือ,รวม,"60-64 ปี",หญิง,374122.00,คน,สำนักงานสถิติแห่งชาติ
2557,ภาคตะวันออกเฉียงเหนือ,รวม,"60-64 ปี",หญิง,539628.00,คน,สำนักงานสถิติแห่งชาติ
2557,ภาคใต้,รวม,"60-64 ปี",หญิง,196433.00,คน,สำนักงานสถิติแห่งชาติ
2557,ทั่วประเทศ,รวม,"65-69 ปี",หญิง,1249919.00,คน,สำนักงานสถิติแห่งชาติ
2557,ทั่วประเทศ,ในเขตเทศบาล,"65-69 ปี",หญิง,514693.00,คน,สำนักงานสถิติแห่งชาติ
2557,ทั่วประเทศ,นอกเขตเทศบาล,"65-69 ปี",หญิง,735226.00,คน,สำนักงานสถิติแห่งชาติ
2557,กรุงเทพมหานคร,ในเขตเทศบาล,"65-69 ปี",หญิง,119428.00,คน,สำนักงานสถิติแห่งชาติ
2557,ภาคกลาง(ไม่รวมกรุงเทพมหานคร),รวม,"65-69 ปี",หญิง,316540.00,คน,สำนักงานสถิติแห่งชาติ
2557,ภาคเหนือ,รวม,"65-69 ปี",หญิง,245513.00,คน,สำนักงานสถิติแห่งชาติ
2557,ภาคตะวันออกเฉียงเหนือ,รวม,"65-69 ปี",หญิง,425215.00,คน,สำนักงานสถิติแห่งชาติ
2557,ภาคใต้,รวม,"65-69 ปี",หญิง,143223.00,คน,สำนักงานสถิติแห่งชาติ
2557,ทั่วประเทศ,รวม,"70-74 ปี",หญิง,957428.00,คน,สำนักงานสถิติแห่งชาติ
2557,ทั่วประเทศ,ในเขตเทศบาล,"70-74 ปี",หญิง,390319.00,คน,สำนักงานสถิติแห่งชาติ
2557,ทั่วประเทศ,นอกเขตเทศบาล,"70-74 ปี",หญิง,567109.00,คน,สำนักงานสถิติแห่งชาติ
2557,กรุงเทพมหานคร,ในเขตเทศบาล,"70-74 ปี",หญิง,87597.00,คน,สำนักงานสถิติแห่งชาติ
2557,ภาคกลาง(ไม่รวมกรุงเทพมหานคร),รวม,"70-74 ปี",หญิง,248175.00,คน,สำนักงานสถิติแห่งชาติ
2557,ภาคเหนือ,รวม,"70-74 ปี",หญิง,191748.00,คน,สำนักงานสถิติแห่งชาติ
2557,ภาคตะวันออกเฉียงเหนือ,รวม,"70-74 ปี",หญิง,315377.00,คน,สำนักงานสถิติแห่งชาติ
2557,ภาคใต้,รวม,"70-74 ปี",หญิง,114531.00,คน,สำนักงานสถิติแห่งชาติ
2557,ทั่วประเทศ,รวม,"75-79 ปี",หญิง,713003.00,คน,สำนักงานสถิติแห่งชาติ
2557,ทั่วประเทศ,ในเขตเทศบาล,"75-79 ปี",หญิง,290923.00,คน,สำนักงานสถิติแห่งชาติ
2557,ทั่วประเทศ,นอกเขตเทศบาล,"75-79 ปี",หญิง,422080.00,คน,สำนักงานสถิติแห่งชาติ
2557,กรุงเทพมหานคร,ในเขตเทศบาล,"75-79 ปี",หญิง,63764.00,คน,สำนักงานสถิติแห่งชาติ
2557,ภาคกลาง(ไม่รวมกรุงเทพมหานคร),รวม,"75-79 ปี",หญิง,188648.00,คน,สำนักงานสถิติแห่งชาติ
2557,ภาคเหนือ,รวม,"75-79 ปี",หญิง,150342.00,คน,สำนักงานสถิติแห่งชาติ
2557,ภาคตะวันออกเฉียงเหนือ,รวม,"75-79 ปี",หญิง,217107.00,คน,สำนักงานสถิติแห่งชาติ
2557,ภาคใต้,รวม,"75-79 ปี",หญิง,93142.00,คน,สำนักงานสถิติแห่งชาติ
2557,ทั่วประเทศ,รวม,"80 ปีขึ้นไป",หญิง,826394.00,คน,สำนักงานสถิติแห่งชาติ
2557,ทั่วประเทศ,ในเขตเทศบาล,"80 ปีขึ้นไป",หญิง,336490.00,คน,สำนักงานสถิติแห่งชาติ
2557,ทั่วประเทศ,นอกเขตเทศบาล,"80 ปีขึ้นไป",หญิง,489904.00,คน,สำนักงานสถิติแห่งชาติ
2557,กรุงเทพมหานคร,ในเขตเทศบาล,"80 ปีขึ้นไป",หญิง,74204.00,คน,สำนักงานสถิติแห่งชาติ
2557,ภาคกลาง(ไม่รวมกรุงเทพมหานคร),รวม,"80 ปีขึ้นไป",หญิง,218058.00,คน,สำนักงานสถิติแห่งชาติ
2557,ภาคเหนือ,รวม,"80 ปีขึ้นไป",หญิง,178472.00,คน,สำนักงานสถิติแห่งชาติ
2557,ภาคตะวันออกเฉียงเหนือ,รวม,"80 ปีขึ้นไป",หญิง,241569.00,คน,สำนักงานสถิติแห่งชาติ
2557,ภาคใต้,รวม,"80 ปีขึ้นไป",หญิง,114091.00,คน,สำนักงานสถิติแห่งชาติ
2560,ทั่วประเทศ,รวม,รวม,รวม,11312447.00,คน,สำนักงานสถิติแห่งชาติ
2560,ทั่วประเทศ,ในเขตเทศบาล,รวม,รวม,4656769.00,คน,สำนักงานสถิติแห่งชาติ
2560,ทั่วประเทศ,นอกเขตเทศบาล,รวม,รวม,6655678.00,คน,สำนักงานสถิติแห่งชาติ
2560,กรุงเทพมหานคร,ในเขตเทศบาล,รวม,รวม,1089974.00,คน,สำนักงานสถิติแห่งชาติ
2560,ภาคกลาง(ไม่รวมกรุงเทพมหานคร),รวม,รวม,รวม,2913742.00,คน,สำนักงานสถิติแห่งชาติ
2560,ภาคเหนือ,รวม,รวม,รวม,2402809.00,คน,สำนักงานสถิติแห่งชาติ
2560,ภาคตะวันออกเฉียงเหนือ,รวม,รวม,รวม,3570727.00,คน,สำนักงานสถิติแห่งชาติ
2560,ภาคใต้,รวม,รวม,รวม,1335195.00,คน,สำนักงานสถิติแห่งชาติ
2560,ทั่วประเทศ,รวม,"60-64 ปี",รวม,3740907.00,คน,สำนักงานสถิติแห่งชาติ
2560,ทั่วประเทศ,ในเขตเทศบาล,"60-64 ปี",รวม,1578063.00,คน,สำนักงานสถิติแห่งชาติ
2560,ทั่วประเทศ,นอกเขตเทศบาล,"60-64 ปี",รวม,2162844.00,คน,สำนักงานสถิติแห่งชาติ
2560,กรุงเทพมหานคร,ในเขตเทศบาล,"60-64 ปี",รวม,393800.00,คน,สำนักงานสถิติแห่งชาติ
2560,ภาคกลาง(ไม่รวมกรุงเทพมหานคร),รวม,"60-64 ปี",รวม,969651.00,คน,สำนักงานสถิติแห่งชาติ
2560,ภาคเหนือ,รวม,"60-64 ปี",รวม,824042.00,คน,สำนักงานสถิติแห่งชาติ
2560,ภาคตะวันออกเฉียงเหนือ,รวม,"60-64 ปี",รวม,1133841.00,คน,สำนักงานสถิติแห่งชาติ
2560,ภาคใต้,รวม,"60-64 ปี",รวม,419573.00,คน,สำนักงานสถิติแห่งชาติ
2560,ทั่วประเทศ,รวม,"65-69 ปี",รวม,2750551.00,คน,สำนักงานสถิติแห่งชาติ
2560,ทั่วประเทศ,ในเขตเทศบาล,"65-69 ปี",รวม,1137525.00,คน,สำนักงานสถิติแห่งชาติ
2560,ทั่วประเทศ,นอกเขตเทศบาล,"65-69 ปี",รวม,1613026.00,คน,สำนักงานสถิติแห่งชาติ
2560,กรุงเทพมหานคร,ในเขตเทศบาล,"65-69 ปี",รวม,272628.00,คน,สำนักงานสถิติแห่งชาติ
2560,ภาคกลาง(ไม่รวมกรุงเทพมหานคร),รวม,"65-69 ปี",รวม,702416.00,คน,สำนักงานสถิติแห่งชาติ
2560,ภาคเหนือ,รวม,"65-69 ปี",รวม,576215.00,คน,สำนักงานสถิติแห่งชาติ
2560,ภาคตะวันออกเฉียงเหนือ,รวม,"65-69 ปี",รวม,886739.00,คน,สำนักงานสถิติแห่งชาติ
2560,ภาคใต้,รวม,"65-69 ปี",รวม,312553.00,คน,สำนักงานสถิติแห่งชาติ
2560,ทั่วประเทศ,รวม,"70-74 ปี",รวม,1927643.00,คน,สำนักงานสถิติแห่งชาติ
2560,ทั่วประเทศ,ในเขตเทศบาล,"70-74 ปี",รวม,775786.00,คน,สำนักงานสถิติแห่งชาติ
2560,ทั่วประเทศ,นอกเขตเทศบาล,"70-74 ปี",รวม,1151857.00,คน,สำนักงานสถิติแห่งชาติ
2560,กรุงเทพมหานคร,ในเขตเทศบาล,"70-74 ปี",รวม,172610.00,คน,สำนักงานสถิติแห่งชาติ
2560,ภาคกลาง(ไม่รวมกรุงเทพมหานคร),รวม,"70-74 ปี",รวม,485025.00,คน,สำนักงานสถิติแห่งชาติ
2560,ภาคเหนือ,รวม,"70-74 ปี",รวม,380613.00,คน,สำนักงานสถิติแห่งชาติ
2560,ภาคตะวันออกเฉียงเหนือ,รวม,"70-74 ปี",รวม,663679.00,คน,สำนักงานสถิติแห่งชาติ
2560,ภาคใต้,รวม,"70-74 ปี",รวม,225716.00,คน,สำนักงานสถิติแห่งชาติ
2560,ทั่วประเทศ,รวม,"75-79 ปี",รวม,1352588.00,คน,สำนักงานสถิติแห่งชาติ
2560,ทั่วประเทศ,ในเขตเทศบาล,"75-79 ปี",รวม,545994.00,คน,สำนักงานสถิติแห่งชาติ
2560,ทั่วประเทศ,นอกเขตเทศบาล,"75-79 ปี",รวม,806594.00,คน,สำนักงานสถิติแห่งชาติ
2560,กรุงเทพมหานคร,ในเขตเทศบาล,"75-79 ปี",รวม,118517.00,คน,สำนักงานสถิติแห่งชาติ
2560,ภาคกลาง(ไม่รวมกรุงเทพมหานคร),รวม,"75-79 ปี",รวม,354054.00,คน,สำนักงานสถิติแห่งชาติ
2560,ภาคเหนือ,รวม,"75-79 ปี",รวม,281069.00,คน,สำนักงานสถิติแห่งชาติ
2560,ภาคตะวันออกเฉียงเหนือ,รวม,"75-79 ปี",รวม,432042.00,คน,สำนักงานสถิติแห่งชาติ
2560,ภาคใต้,รวม,"75-79 ปี",รวม,166906.00,คน,สำนักงานสถิติแห่งชาติ
2560,ทั่วประเทศ,รวม,"80 ปีขึ้นไป",รวม,1540758.00,คน,สำนักงานสถิติแห่งชาติ
2560,ทั่วประเทศ,ในเขตเทศบาล,"80 ปีขึ้นไป",รวม,619401.00,คน,สำนักงานสถิติแห่งชาติ
2560,ทั่วประเทศ,นอกเขตเทศบาล,"80 ปีขึ้นไป",รวม,921357.00,คน,สำนักงานสถิติแห่งชาติ
2560,กรุงเทพมหานคร,ในเขตเทศบาล,"80 ปีขึ้นไป",รวม,132419.00,คน,สำนักงานสถิติแห่งชาติ
2560,ภาคกลาง(ไม่รวมกรุงเทพมหานคร),รวม,"80 ปีขึ้นไป",รวม,402596.00,คน,สำนักงานสถิติแห่งชาติ
2560,ภาคเหนือ,รวม,"80 ปีขึ้นไป",รวม,340870.00,คน,สำนักงานสถิติแห่งชาติ
2560,ภาคตะวันออกเฉียงเหนือ,รวม,"80 ปีขึ้นไป",รวม,454426.00,คน,สำนักงานสถิติแห่งชาติ
2560,ภาคใต้,รวม,"80 ปีขึ้นไป",รวม,210447.00,คน,สำนักงานสถิติแห่งชาติ
2560,ทั่วประเทศ,รวม,รวม,ชาย,5083681.00,คน,สำนักงานสถิติแห่งชาติ
2560,ทั่วประเทศ,ในเขตเทศบาล,รวม,ชาย,2062919.00,คน,สำนักงานสถิติแห่งชาติ
2560,ทั่วประเทศ,นอกเขตเทศบาล,รวม,ชาย,3020762.00,คน,สำนักงานสถิติแห่งชาติ
2560,กรุงเทพมหานคร,ในเขตเทศบาล,รวม,ชาย,476782.00,คน,สำนักงานสถิติแห่งชาติ
2560,ภาคกลาง(ไม่รวมกรุงเทพมหานคร),รวม,รวม,ชาย,1280708.00,คน,สำนักงานสถิติแห่งชาติ
2560,ภาคเหนือ,รวม,รวม,ชาย,1104134.00,คน,สำนักงานสถิติแห่งชาติ
2560,ภาคตะวันออกเฉียงเหนือ,รวม,รวม,ชาย,1626163.00,คน,สำนักงานสถิติแห่งชาติ
2560,ภาคใต้,รวม,รวม,ชาย,595894.00,คน,สำนักงานสถิติแห่งชาติ
2560,ทั่วประเทศ,รวม,"60-64 ปี",ชาย,1757329.00,คน,สำนักงานสถิติแห่งชาติ
2560,ทั่วประเทศ,ในเขตเทศบาล,"60-64 ปี",ชาย,732014.00,คน,สำนักงานสถิติแห่งชาติ
2560,ทั่วประเทศ,นอกเขตเทศบาล,"60-64 ปี",ชาย,1025315.00,คน,สำนักงานสถิติแห่งชาติ
2560,กรุงเทพมหานคร,ในเขตเทศบาล,"60-64 ปี",ชาย,182207.00,คน,สำนักงานสถิติแห่งชาติ
2560,ภาคกลาง(ไม่รวมกรุงเทพมหานคร),รวม,"60-64 ปี",ชาย,446386.00,คน,สำนักงานสถิติแห่งชาติ
2560,ภาคเหนือ,รวม,"60-64 ปี",ชาย,390719.00,คน,สำนักงานสถิติแห่งชาติ
2560,ภาคตะวันออกเฉียงเหนือ,รวม,"60-64 ปี",ชาย,540262.00,คน,สำนักงานสถิติแห่งชาติ
2560,ภาคใต้,รวม,"60-64 ปี",ชาย,197755.00,คน,สำนักงานสถิติแห่งชาติ
2560,ทั่วประเทศ,รวม,"65-69 ปี",ชาย,1274928.00,คน,สำนักงานสถิติแห่งชาติ
2560,ทั่วประเทศ,ในเขตเทศบาล,"65-69 ปี",ชาย,520160.00,คน,สำนักงานสถิติแห่งชาติ
2560,ทั่วประเทศ,นอกเขตเทศบาล,"65-69 ปี",ชาย,754768.00,คน,สำนักงานสถิติแห่งชาติ
2560,กรุงเทพมหานคร,ในเขตเทศบาล,"65-69 ปี",ชาย,122386.00,คน,สำนักงานสถิติแห่งชาติ
2560,ภาคกลาง(ไม่รวมกรุงเทพมหานคร),รวม,"65-69 ปี",ชาย,318348.00,คน,สำนักงานสถิติแห่งชาติ
2560,ภาคเหนือ,รวม,"65-69 ปี",ชาย,272599.00,คน,สำนักงานสถิติแห่งชาติ
2560,ภาคตะวันออกเฉียงเหนือ,รวม,"65-69 ปี",ชาย,416835.00,คน,สำนักงานสถิติแห่งชาติ
2560,ภาคใต้,รวม,"65-69 ปี",ชาย,144760.00,คน,สำนักงานสถิติแห่งชาติ
2560,ทั่วประเทศ,รวม,"70-74 ปี",ชาย,868524.00,คน,สำนักงานสถิติแห่งชาติ
2560,ทั่วประเทศ,ในเขตเทศบาล,"70-74 ปี",ชาย,343082.00,คน,สำนักงานสถิติแห่งชาติ
2560,ทั่วประเทศ,นอกเขตเทศบาล,"70-74 ปี",ชาย,525442.00,คน,สำนักงานสถิติแห่งชาติ
2560,กรุงเทพมหานคร,ในเขตเทศบาล,"70-74 ปี",ชาย,74273.00,คน,สำนักงานสถิติแห่งชาติ
2560,ภาคกลาง(ไม่รวมกรุงเทพมหานคร),รวม,"70-74 ปี",ชาย,213339.00,คน,สำนักงานสถิติแห่งชาติ
2560,ภาคเหนือ,รวม,"70-74 ปี",ชาย,176419.00,คน,สำนักงานสถิติแห่งชาติ
2560,ภาคตะวันออกเฉียงเหนือ,รวม,"70-74 ปี",ชาย,303571.00,คน,สำนักงานสถิติแห่งชาติ
2560,ภาคใต้,รวม,"70-74 ปี",ชาย,100922.00,คน,สำนักงานสถิติแห่งชาติ
2560,ทั่วประเทศ,รวม,"75-79 ปี",ชาย,582597.00,คน,สำนักงานสถิติแห่งชาติ
2560,ทั่วประเทศ,ในเขตเทศบาล,"75-79 ปี",ชาย,229826.00,คน,สำนักงานสถิติแห่งชาติ
2560,ทั่วประเทศ,นอกเขตเทศบาล,"75-79 ปี",ชาย,352771.00,คน,สำนักงานสถิติแห่งชาติ
2560,กรุงเทพมหานคร,ในเขตเทศบาล,"75-79 ปี",ชาย,47244.00,คน,สำนักงานสถิติแห่งชาติ
2560,ภาคกลาง(ไม่รวมกรุงเทพมหานคร),รวม,"75-79 ปี",ชาย,149485.00,คน,สำนักงานสถิติแห่งชาติ
2560,ภาคเหนือ,รวม,"75-79 ปี",ชาย,125502.00,คน,สำนักงานสถิติแห่งชาติ
2560,ภาคตะวันออกเฉียงเหนือ,รวม,"75-79 ปี",ชาย,188116.00,คน,สำนักงานสถิติแห่งชาติ
2560,ภาคใต้,รวม,"75-79 ปี",ชาย,72250.00,คน,สำนักงานสถิติแห่งชาติ
2560,ทั่วประเทศ,รวม,"80 ปีขึ้นไป",ชาย,600303.00,คน,สำนักงานสถิติแห่งชาติ
2560,ทั่วประเทศ,ในเขตเทศบาล,"80 ปีขึ้นไป",ชาย,237837.00,คน,สำนักงานสถิติแห่งชาติ
2560,ทั่วประเทศ,นอกเขตเทศบาล,"80 ปีขึ้นไป",ชาย,362466.00,คน,สำนักงานสถิติแห่งชาติ
2560,กรุงเทพมหานคร,ในเขตเทศบาล,"80 ปีขึ้นไป",ชาย,50672.00,คน,สำนักงานสถิติแห่งชาติ
2560,ภาคกลาง(ไม่รวมกรุงเทพมหานคร),รวม,"80 ปีขึ้นไป",ชาย,153150.00,คน,สำนักงานสถิติแห่งชาติ
2560,ภาคเหนือ,รวม,"80 ปีขึ้นไป",ชาย,138895.00,คน,สำนักงานสถิติแห่งชาติ
2560,ภาคตะวันออกเฉียงเหนือ,รวม,"80 ปีขึ้นไป",ชาย,177379.00,คน,สำนักงานสถิติแห่งชาติ
2560,ภาคใต้,รวม,"80 ปีขึ้นไป",ชาย,80207.00,คน,สำนักงานสถิติแห่งชาติ
2560,ทั่วประเทศ,รวม,รวม,หญิง,6228766.00,คน,สำนักงานสถิติแห่งชาติ
2560,ทั่วประเทศ,ในเขตเทศบาล,รวม,หญิง,2593850.00,คน,สำนักงานสถิติแห่งชาติ
2560,ทั่วประเทศ,นอกเขตเทศบาล,รวม,หญิง,3634916.00,คน,สำนักงานสถิติแห่งชาติ
2560,กรุงเทพมหานคร,ในเขตเทศบาล,รวม,หญิง,613192.00,คน,สำนักงานสถิติแห่งชาติ
2560,ภาคกลาง(ไม่รวมกรุงเทพมหานคร),รวม,รวม,หญิง,1633034.00,คน,สำนักงานสถิติแห่งชาติ
2560,ภาคเหนือ,รวม,รวม,หญิง,1298675.00,คน,สำนักงานสถิติแห่งชาติ
2560,ภาคตะวันออกเฉียงเหนือ,รวม,รวม,หญิง,1944564.00,คน,สำนักงานสถิติแห่งชาติ
2560,ภาคใต้,รวม,รวม,หญิง,739301.00,คน,สำนักงานสถิติแห่งชาติ
2560,ทั่วประเทศ,รวม,"60-64 ปี",หญิง,1983578.00,คน,สำนักงานสถิติแห่งชาติ
2560,ทั่วประเทศ,ในเขตเทศบาล,"60-64 ปี",หญิง,846049.00,คน,สำนักงานสถิติแห่งชาติ
2560,ทั่วประเทศ,นอกเขตเทศบาล,"60-64 ปี",หญิง,1137529.00,คน,สำนักงานสถิติแห่งชาติ
2560,กรุงเทพมหานคร,ในเขตเทศบาล,"60-64 ปี",หญิง,211593.00,คน,สำนักงานสถิติแห่งชาติ
2560,ภาคกลาง(ไม่รวมกรุงเทพมหานคร),รวม,"60-64 ปี",หญิง,523265.00,คน,สำนักงานสถิติแห่งชาติ
2560,ภาคเหนือ,รวม,"60-64 ปี",หญิง,433323.00,คน,สำนักงานสถิติแห่งชาติ
2560,ภาคตะวันออกเฉียงเหนือ,รวม,"60-64 ปี",หญิง,593579.00,คน,สำนักงานสถิติแห่งชาติ
2560,ภาคใต้,รวม,"60-64 ปี",หญิง,221818.00,คน,สำนักงานสถิติแห่งชาติ
2560,ทั่วประเทศ,รวม,"65-69 ปี",หญิง,1475623.00,คน,สำนักงานสถิติแห่งชาติ
2560,ทั่วประเทศ,ในเขตเทศบาล,"65-69 ปี",หญิง,617365.00,คน,สำนักงานสถิติแห่งชาติ
2560,ทั่วประเทศ,นอกเขตเทศบาล,"65-69 ปี",หญิง,858258.00,คน,สำนักงานสถิติแห่งชาติ
2560,กรุงเทพมหานคร,ในเขตเทศบาล,"65-69 ปี",หญิง,150242.00,คน,สำนักงานสถิติแห่งชาติ
2560,ภาคกลาง(ไม่รวมกรุงเทพมหานคร),รวม,"65-69 ปี",หญิง,384068.00,คน,สำนักงานสถิติแห่งชาติ
2560,ภาคเหนือ,รวม,"65-69 ปี",หญิง,303616.00,คน,สำนักงานสถิติแห่งชาติ
2560,ภาคตะวันออกเฉียงเหนือ,รวม,"65-69 ปี",หญิง,469904.00,คน,สำนักงานสถิติแห่งชาติ
2560,ภาคใต้,รวม,"65-69 ปี",หญิง,167793.00,คน,สำนักงานสถิติแห่งชาติ
2560,ทั่วประเทศ,รวม,"70-74 ปี",หญิง,1059119.00,คน,สำนักงานสถิติแห่งชาติ
2560,ทั่วประเทศ,ในเขตเทศบาล,"70-74 ปี",หญิง,432704.00,คน,สำนักงานสถิติแห่งชาติ
2560,ทั่วประเทศ,นอกเขตเทศบาล,"70-74 ปี",หญิง,626415.00,คน,สำนักงานสถิติแห่งชาติ
2560,กรุงเทพมหานคร,ในเขตเทศบาล,"70-74 ปี",หญิง,98337.00,คน,สำนักงานสถิติแห่งชาติ
2560,ภาคกลาง(ไม่รวมกรุงเทพมหานคร),รวม,"70-74 ปี",หญิง,271686.00,คน,สำนักงานสถิติแห่งชาติ
2560,ภาคเหนือ,รวม,"70-74 ปี",หญิง,204194.00,คน,สำนักงานสถิติแห่งชาติ
2560,ภาคตะวันออกเฉียงเหนือ,รวม,"70-74 ปี",หญิง,360108.00,คน,สำนักงานสถิติแห่งชาติ
2560,ภาคใต้,รวม,"70-74 ปี",หญิง,124794.00,คน,สำนักงานสถิติแห่งชาติ
2560,ทั่วประเทศ,รวม,"75-79 ปี",หญิง,769991.00,คน,สำนักงานสถิติแห่งชาติ
2560,ทั่วประเทศ,ในเขตเทศบาล,"75-79 ปี",หญิง,316168.00,คน,สำนักงานสถิติแห่งชาติ
2560,ทั่วประเทศ,นอกเขตเทศบาล,"75-79 ปี",หญิง,453823.00,คน,สำนักงานสถิติแห่งชาติ
2560,กรุงเทพมหานคร,ในเขตเทศบาล,"75-79 ปี",หญิง,71273.00,คน,สำนักงานสถิติแห่งชาติ
2560,ภาคกลาง(ไม่รวมกรุงเทพมหานคร),รวม,"75-79 ปี",หญิง,204569.00,คน,สำนักงานสถิติแห่งชาติ
2560,ภาคเหนือ,รวม,"75-79 ปี",หญิง,155567.00,คน,สำนักงานสถิติแห่งชาติ
2560,ภาคตะวันออกเฉียงเหนือ,รวม,"75-79 ปี",หญิง,243926.00,คน,สำนักงานสถิติแห่งชาติ
2560,ภาคใต้,รวม,"75-79 ปี",หญิง,94656.00,คน,สำนักงานสถิติแห่งชาติ
2560,ทั่วประเทศ,รวม,"80 ปีขึ้นไป",หญิง,940455.00,คน,สำนักงานสถิติแห่งชาติ
2560,ทั่วประเทศ,ในเขตเทศบาล,"80 ปีขึ้นไป",หญิง,381564.00,คน,สำนักงานสถิติแห่งชาติ
2560,ทั่วประเทศ,นอกเขตเทศบาล,"80 ปีขึ้นไป",หญิง,558891.00,คน,สำนักงานสถิติแห่งชาติ
2560,กรุงเทพมหานคร,ในเขตเทศบาล,"80 ปีขึ้นไป",หญิง,81747.00,คน,สำนักงานสถิติแห่งชาติ
2560,ภาคกลาง(ไม่รวมกรุงเทพมหานคร),รวม,"80 ปีขึ้นไป",หญิง,249446.00,คน,สำนักงานสถิติแห่งชาติ
2560,ภาคเหนือ,รวม,"80 ปีขึ้นไป",หญิง,201975.00,คน,สำนักงานสถิติแห่งชาติ
2560,ภาคตะวันออกเฉียงเหนือ,รวม,"80 ปีขึ้นไป",หญิง,277047.00,คน,สำนักงานสถิติแห่งชาติ
2560,ภาคใต้,รวม,"80 ปีขึ้นไป",หญิง,130240.00,คน,สำนักงานสถิติแห่งชาติ
2545,ทั่วประเทศ,รวม,"60-64 ปี",รวม,2073244.00,คน,สำนักงานสถิติแห่งชาติ
2545,ทั่วประเทศ,ในเขตเทศบาล,"60-64 ปี",รวม,651363.00,คน,สำนักงานสถิติแห่งชาติ
2545,ทั่วประเทศ,นอกเขตเทศบาล,"60-64 ปี",รวม,1421881.00,คน,สำนักงานสถิติแห่งชาติ
2545,กรุงเทพมหานคร,ในเขตเทศบาล,"60-64 ปี",รวม,226665.00,คน,สำนักงานสถิติแห่งชาติ
2545,ภาคกลาง(ไม่รวมกรุงเทพมหานคร),รวม,"60-64 ปี",รวม,510948.00,คน,สำนักงานสถิติแห่งชาติ
2545,ภาคเหนือ,รวม,"60-64 ปี",รวม,413014.00,คน,สำนักงานสถิติแห่งชาติ
2545,ภาคตะวันออกเฉียงเหนือ,รวม,"60-64 ปี",รวม,664265.00,คน,สำนักงานสถิติแห่งชาติ
2545,ภาคใต้,รวม,"60-64 ปี",รวม,258352.00,คน,สำนักงานสถิติแห่งชาติ
2545,ทั่วประเทศ,รวม,"65-69 ปี",รวม,1668666.00,คน,สำนักงานสถิติแห่งชาติ
2545,ทั่วประเทศ,ในเขตเทศบาล,"65-69 ปี",รวม,516741.00,คน,สำนักงานสถิติแห่งชาติ
2545,ทั่วประเทศ,นอกเขตเทศบาล,"65-69 ปี",รวม,1151925.00,คน,สำนักงานสถิติแห่งชาติ
2545,กรุงเทพมหานคร,ในเขตเทศบาล,"65-69 ปี",รวม,173941.00,คน,สำนักงานสถิติแห่งชาติ
2545,ภาคกลาง(ไม่รวมกรุงเทพมหานคร),รวม,"65-69 ปี",รวม,423653.00,คน,สำนักงานสถิติแห่งชาติ
2545,ภาคเหนือ,รวม,"65-69 ปี",รวม,359204.00,คน,สำนักงานสถิติแห่งชาติ
2545,ภาคตะวันออกเฉียงเหนือ,รวม,"65-69 ปี",รวม,505767.00,คน,สำนักงานสถิติแห่งชาติ
2545,ภาคใต้,รวม,"65-69 ปี",รวม,206101.00,คน,สำนักงานสถิติแห่งชาติ
2545,ทั่วประเทศ,รวม,"70-74 ปี",รวม,1101189.00,คน,สำนักงานสถิติแห่งชาติ
2545,ทั่วประเทศ,ในเขตเทศบาล,"70-74 ปี",รวม,327015.00,คน,สำนักงานสถิติแห่งชาติ
2545,ทั่วประเทศ,นอกเขตเทศบาล,"70-74 ปี",รวม,774174.00,คน,สำนักงานสถิติแห่งชาติ
2545,กรุงเทพมหานคร,ในเขตเทศบาล,"70-74 ปี",รวม,98832.00,คน,สำนักงานสถิติแห่งชาติ
2545,ภาคกลาง(ไม่รวมกรุงเทพมหานคร),รวม,"70-74 ปี",รวม,277373.00,คน,สำนักงานสถิติแห่งชาติ
2545,ภาคเหนือ,รวม,"70-74 ปี",รวม,248114.00,คน,สำนักงานสถิติแห่งชาติ
2545,ภาคตะวันออกเฉียงเหนือ,รวม,"70-74 ปี",รวม,345440.00,คน,สำนักงานสถิติแห่งชาติ
2545,ภาคใต้,รวม,"70-74 ปี",รวม,131431.00,คน,สำนักงานสถิติแห่งชาติ
2545,ทั่วประเทศ,รวม,"75 ปีขึ้นไป",รวม,1125932.00,คน,สำนักงานสถิติแห่งชาติ
2545,ทั่วประเทศ,ในเขตเทศบาล,"75 ปีขึ้นไป",รวม,356762.00,คน,สำนักงานสถิติแห่งชาติ
2545,ทั่วประเทศ,นอกเขตเทศบาล,"75 ปีขึ้นไป",รวม,769170.00,คน,สำนักงานสถิติแห่งชาติ
2545,กรุงเทพมหานคร,ในเขตเทศบาล,"75 ปีขึ้นไป",รวม,119979.00,คน,สำนักงานสถิติแห่งชาติ
2545,ภาคกลาง(ไม่รวมกรุงเทพมหานคร),รวม,"75 ปีขึ้นไป",รวม,319745.00,คน,สำนักงานสถิติแห่งชาติ
2545,ภาคเหนือ,รวม,"75 ปีขึ้นไป",รวม,236687.00,คน,สำนักงานสถิติแห่งชาติ
2545,ภาคตะวันออกเฉียงเหนือ,รวม,"75 ปีขึ้นไป",รวม,309093.00,คน,สำนักงานสถิติแห่งชาติ
2545,ภาคใต้,รวม,"75 ปีขึ้นไป",รวม,140428.00,คน,สำนักงานสถิติแห่งชาติ
2545,ทั่วประเทศ,รวม,"60-64 ปี",ชาย,975344.00,คน,สำนักงานสถิติแห่งชาติ
2545,ทั่วประเทศ,ในเขตเทศบาล,"60-64 ปี",ชาย,302288.00,คน,สำนักงานสถิติแห่งชาติ
2545,ทั่วประเทศ,นอกเขตเทศบาล,"60-64 ปี",ชาย,673056.00,คน,สำนักงานสถิติแห่งชาติ
2545,กรุงเทพมหานคร,ในเขตเทศบาล,"60-64 ปี",ชาย,104833.00,คน,สำนักงานสถิติแห่งชาติ
2545,ภาคกลาง(ไม่รวมกรุงเทพมหานคร),รวม,"60-64 ปี",ชาย,238304.00,คน,สำนักงานสถิติแห่งชาติ
2545,ภาคเหนือ,รวม,"60-64 ปี",ชาย,197629.00,คน,สำนักงานสถิติแห่งชาติ
2545,ภาคตะวันออกเฉียงเหนือ,รวม,"60-64 ปี",ชาย,310833.00,คน,สำนักงานสถิติแห่งชาติ
2545,ภาคใต้,รวม,"60-64 ปี",ชาย,123746.00,คน,สำนักงานสถิติแห่งชาติ
2545,ทั่วประเทศ,รวม,"65-69 ปี",ชาย,773955.00,คน,สำนักงานสถิติแห่งชาติ
2545,ทั่วประเทศ,ในเขตเทศบาล,"65-69 ปี",ชาย,236151.00,คน,สำนักงานสถิติแห่งชาติ
2545,ทั่วประเทศ,นอกเขตเทศบาล,"65-69 ปี",ชาย,537804.00,คน,สำนักงานสถิติแห่งชาติ
2545,กรุงเทพมหานคร,ในเขตเทศบาล,"65-69 ปี",ชาย,79145.00,คน,สำนักงานสถิติแห่งชาติ
2545,ภาคกลาง(ไม่รวมกรุงเทพมหานคร),รวม,"65-69 ปี",ชาย,195358.00,คน,สำนักงานสถิติแห่งชาติ
2545,ภาคเหนือ,รวม,"65-69 ปี",ชาย,170389.00,คน,สำนักงานสถิติแห่งชาติ
2545,ภาคตะวันออกเฉียงเหนือ,รวม,"65-69 ปี",ชาย,231728.00,คน,สำนักงานสถิติแห่งชาติ
2545,ภาคใต้,รวม,"65-69 ปี",ชาย,97336.00,คน,สำนักงานสถิติแห่งชาติ
2545,ทั่วประเทศ,รวม,"70-74 ปี",ชาย,500762.00,คน,สำนักงานสถิติแห่งชาติ
2545,ทั่วประเทศ,ในเขตเทศบาล,"70-74 ปี",ชาย,144363.00,คน,สำนักงานสถิติแห่งชาติ
2545,ทั่วประเทศ,นอกเขตเทศบาล,"70-74 ปี",ชาย,356400.00,คน,สำนักงานสถิติแห่งชาติ
2545,กรุงเทพมหานคร,ในเขตเทศบาล,"70-74 ปี",ชาย,42000.00,คน,สำนักงานสถิติแห่งชาติ
2545,ภาคกลาง(ไม่รวมกรุงเทพมหานคร),รวม,"70-74 ปี",ชาย,123426.00,คน,สำนักงานสถิติแห่งชาติ
2545,ภาคเหนือ,รวม,"70-74 ปี",ชาย,115367.00,คน,สำนักงานสถิติแห่งชาติ
2545,ภาคตะวันออกเฉียงเหนือ,รวม,"70-74 ปี",ชาย,157941.00,คน,สำนักงานสถิติแห่งชาติ
2545,ภาคใต้,รวม,"70-74 ปี",ชาย,62029.00,คน,สำนักงานสถิติแห่งชาติ
2545,ทั่วประเทศ,รวม,"75 ปีขึ้นไป",ชาย,479034.00,คน,สำนักงานสถิติแห่งชาติ
2545,ทั่วประเทศ,ในเขตเทศบาล,"75 ปีขึ้นไป",ชาย,145897.00,คน,สำนักงานสถิติแห่งชาติ
2545,ทั่วประเทศ,นอกเขตเทศบาล,"75 ปีขึ้นไป",ชาย,333138.00,คน,สำนักงานสถิติแห่งชาติ
2545,กรุงเทพมหานคร,ในเขตเทศบาล,"75 ปีขึ้นไป",ชาย,46661.00,คน,สำนักงานสถิติแห่งชาติ
2545,ภาคกลาง(ไม่รวมกรุงเทพมหานคร),รวม,"75 ปีขึ้นไป",ชาย,131321.00,คน,สำนักงานสถิติแห่งชาติ
2545,ภาคเหนือ,รวม,"75 ปีขึ้นไป",ชาย,104473.00,คน,สำนักงานสถิติแห่งชาติ
2545,ภาคตะวันออกเฉียงเหนือ,รวม,"75 ปีขึ้นไป",ชาย,133676.00,คน,สำนักงานสถิติแห่งชาติ
2545,ภาคใต้,รวม,"75 ปีขึ้นไป",ชาย,62904.00,คน,สำนักงานสถิติแห่งชาติ
2545,ทั่วประเทศ,รวม,"60-64 ปี",หญิง,1097900.00,คน,สำนักงานสถิติแห่งชาติ
2545,ทั่วประเทศ,ในเขตเทศบาล,"60-64 ปี",หญิง,349075.00,คน,สำนักงานสถิติแห่งชาติ
2545,ทั่วประเทศ,นอกเขตเทศบาล,"60-64 ปี",หญิง,748825.00,คน,สำนักงานสถิติแห่งชาติ
2545,กรุงเทพมหานคร,ในเขตเทศบาล,"60-64 ปี",หญิง,121832.00,คน,สำนักงานสถิติแห่งชาติ
2545,ภาคกลาง(ไม่รวมกรุงเทพมหานคร),รวม,"60-64 ปี",หญิง,272645.00,คน,สำนักงานสถิติแห่งชาติ
2545,ภาคเหนือ,รวม,"60-64 ปี",หญิง,215386.00,คน,สำนักงานสถิติแห่งชาติ
2545,ภาคตะวันออกเฉียงเหนือ,รวม,"60-64 ปี",หญิง,353433.00,คน,สำนักงานสถิติแห่งชาติ
2545,ภาคใต้,รวม,"60-64 ปี",หญิง,134606.00,คน,สำนักงานสถิติแห่งชาติ
2545,ทั่วประเทศ,รวม,"65-69 ปี",หญิง,894711.00,คน,สำนักงานสถิติแห่งชาติ
2545,ทั่วประเทศ,ในเขตเทศบาล,"65-69 ปี",หญิง,280590.00,คน,สำนักงานสถิติแห่งชาติ
2545,ทั่วประเทศ,นอกเขตเทศบาล,"65-69 ปี",หญิง,614120.00,คน,สำนักงานสถิติแห่งชาติ
2545,กรุงเทพมหานคร,ในเขตเทศบาล,"65-69 ปี",หญิง,94796.00,คน,สำนักงานสถิติแห่งชาติ
2545,ภาคกลาง(ไม่รวมกรุงเทพมหานคร),รวม,"65-69 ปี",หญิง,228296.00,คน,สำนักงานสถิติแห่งชาติ
2545,ภาคเหนือ,รวม,"65-69 ปี",หญิง,188815.00,คน,สำนักงานสถิติแห่งชาติ
2545,ภาคตะวันออกเฉียงเหนือ,รวม,"65-69 ปี",หญิง,274040.00,คน,สำนักงานสถิติแห่งชาติ
2545,ภาคใต้,รวม,"65-69 ปี",หญิง,108765.00,คน,สำนักงานสถิติแห่งชาติ
2545,ทั่วประเทศ,รวม,"70-74 ปี",หญิง,600426.00,คน,สำนักงานสถิติแห่งชาติ
2545,ทั่วประเทศ,ในเขตเทศบาล,"70-74 ปี",หญิง,182652.00,คน,สำนักงานสถิติแห่งชาติ
2545,ทั่วประเทศ,นอกเขตเทศบาล,"70-74 ปี",หญิง,417774.00,คน,สำนักงานสถิติแห่งชาติ
2545,กรุงเทพมหานคร,ในเขตเทศบาล,"70-74 ปี",หญิง,56832.00,คน,สำนักงานสถิติแห่งชาติ
2545,ภาคกลาง(ไม่รวมกรุงเทพมหานคร),รวม,"70-74 ปี",หญิง,153947.00,คน,สำนักงานสถิติแห่งชาติ
2545,ภาคเหนือ,รวม,"70-74 ปี",หญิง,132747.00,คน,สำนักงานสถิติแห่งชาติ
2545,ภาคตะวันออกเฉียงเหนือ,รวม,"70-74 ปี",หญิง,187499.00,คน,สำนักงานสถิติแห่งชาติ
2545,ภาคใต้,รวม,"70-74 ปี",หญิง,69402.00,คน,สำนักงานสถิติแห่งชาติ
2545,ทั่วประเทศ,รวม,"75 ปีขึ้นไป",หญิง,646898.00,คน,สำนักงานสถิติแห่งชาติ
2545,ทั่วประเทศ,ในเขตเทศบาล,"75 ปีขึ้นไป",หญิง,210865.00,คน,สำนักงานสถิติแห่งชาติ
2545,ทั่วประเทศ,นอกเขตเทศบาล,"75 ปีขึ้นไป",หญิง,436032.00,คน,สำนักงานสถิติแห่งชาติ
2545,กรุงเทพมหานคร,ในเขตเทศบาล,"75 ปีขึ้นไป",หญิง,73318.00,คน,สำนักงานสถิติแห่งชาติ
2545,ภาคกลาง(ไม่รวมกรุงเทพมหานคร),รวม,"75 ปีขึ้นไป",หญิง,188424.00,คน,สำนักงานสถิติแห่งชาติ
2545,ภาคเหนือ,รวม,"75 ปีขึ้นไป",หญิง,132214.00,คน,สำนักงานสถิติแห่งชาติ
2545,ภาคตะวันออกเฉียงเหนือ,รวม,"75 ปีขึ้นไป",หญิง,175418.00,คน,สำนักงานสถิติแห่งชาติ
2545,ภาคใต้,รวม,"75 ปีขึ้นไป",หญิง,77524.00,คน,สำนักงานสถิติแห่งชาติ
2550,ทั่วประเทศ,รวม,"60-69 ปี",รวม,4125253.00,คน,สำนักงานสถิติแห่งชาติ
2550,ทั่วประเทศ,ในเขตเทศบาล,"60-69 ปี",รวม,1182898.00,คน,สำนักงานสถิติแห่งชาติ
2550,ทั่วประเทศ,นอกเขตเทศบาล,"60-69 ปี",รวม,2942355.00,คน,สำนักงานสถิติแห่งชาติ
2550,กรุงเทพมหานคร,ในเขตเทศบาล,"60-69 ปี",รวม,390435.00,คน,สำนักงานสถิติแห่งชาติ
2550,ภาคกลาง(ไม่รวมกรุงเทพมหานคร),รวม,"60-69 ปี",รวม,951059.00,คน,สำนักงานสถิติแห่งชาติ
2550,ภาคเหนือ,รวม,"60-69 ปี",รวม,829705.00,คน,สำนักงานสถิติแห่งชาติ
2550,ภาคตะวันออกเฉียงเหนือ,รวม,"60-69 ปี",รวม,1448595.00,คน,สำนักงานสถิติแห่งชาติ
2550,ภาคใต้,รวม,"60-69 ปี",รวม,505460.00,คน,สำนักงานสถิติแห่งชาติ
2550,ทั่วประเทศ,รวม,"70-79 ปี",รวม,2226712.00,คน,สำนักงานสถิติแห่งชาติ
2550,ทั่วประเทศ,ในเขตเทศบาล,"70-79 ปี",รวม,626687.00,คน,สำนักงานสถิติแห่งชาติ
2550,ทั่วประเทศ,นอกเขตเทศบาล,"70-79 ปี",รวม,1600026.00,คน,สำนักงานสถิติแห่งชาติ
2550,กรุงเทพมหานคร,ในเขตเทศบาล,"70-79 ปี",รวม,192617.00,คน,สำนักงานสถิติแห่งชาติ
2550,ภาคกลาง(ไม่รวมกรุงเทพมหานคร),รวม,"70-79 ปี",รวม,533137.00,คน,สำนักงานสถิติแห่งชาติ
2550,ภาคเหนือ,รวม,"70-79 ปี",รวม,497492.00,คน,สำนักงานสถิติแห่งชาติ
2550,ภาคตะวันออกเฉียงเหนือ,รวม,"70-79 ปี",รวม,712363.00,คน,สำนักงานสถิติแห่งชาติ
2550,ภาคใต้,รวม,"70-79 ปี",รวม,291104.00,คน,สำนักงานสถิติแห่งชาติ
2550,ทั่วประเทศ,รวม,"80 ปีขึ้นไป",รวม,668994.00,คน,สำนักงานสถิติแห่งชาติ
2550,ทั่วประเทศ,ในเขตเทศบาล,"80 ปีขึ้นไป",รวม,195633.00,คน,สำนักงานสถิติแห่งชาติ
2550,ทั่วประเทศ,นอกเขตเทศบาล,"80 ปีขึ้นไป",รวม,473361.00,คน,สำนักงานสถิติแห่งชาติ
2550,กรุงเทพมหานคร,ในเขตเทศบาล,"80 ปีขึ้นไป",รวม,64314.00,คน,สำนักงานสถิติแห่งชาติ
2550,ภาคกลาง(ไม่รวมกรุงเทพมหานคร),รวม,"80 ปีขึ้นไป",รวม,169275.00,คน,สำนักงานสถิติแห่งชาติ
2550,ภาคเหนือ,รวม,"80 ปีขึ้นไป",รวม,140403.00,คน,สำนักงานสถิติแห่งชาติ
2550,ภาคตะวันออกเฉียงเหนือ,รวม,"80 ปีขึ้นไป",รวม,198146.00,คน,สำนักงานสถิติแห่งชาติ
2550,ภาคใต้,รวม,"80 ปีขึ้นไป",รวม,96856.00,คน,สำนักงานสถิติแห่งชาติ
2550,ทั่วประเทศ,รวม,"60-69 ปี",ชาย,1910507.00,คน,สำนักงานสถิติแห่งชาติ
2550,ทั่วประเทศ,ในเขตเทศบาล,"60-69 ปี",ชาย,535264.00,คน,สำนักงานสถิติแห่งชาติ
2550,ทั่วประเทศ,นอกเขตเทศบาล,"60-69 ปี",ชาย,1375243.00,คน,สำนักงานสถิติแห่งชาติ
2550,กรุงเทพมหานคร,ในเขตเทศบาล,"60-69 ปี",ชาย,173799.00,คน,สำนักงานสถิติแห่งชาติ
2550,ภาคกลาง(ไม่รวมกรุงเทพมหานคร),รวม,"60-69 ปี",ชาย,434636.00,คน,สำนักงานสถิติแห่งชาติ
2550,ภาคเหนือ,รวม,"60-69 ปี",ชาย,394125.00,คน,สำนักงานสถิติแห่งชาติ
2550,ภาคตะวันออกเฉียงเหนือ,รวม,"60-69 ปี",ชาย,670612.00,คน,สำนักงานสถิติแห่งชาติ
2550,ภาคใต้,รวม,"60-69 ปี",ชาย,237335.00,คน,สำนักงานสถิติแห่งชาติ
2550,ทั่วประเทศ,รวม,"70-79 ปี",ชาย,962209.00,คน,สำนักงานสถิติแห่งชาติ
2550,ทั่วประเทศ,ในเขตเทศบาล,"70-79 ปี",ชาย,261287.00,คน,สำนักงานสถิติแห่งชาติ
2550,ทั่วประเทศ,นอกเขตเทศบาล,"70-79 ปี",ชาย,700922.00,คน,สำนักงานสถิติแห่งชาติ
2550,กรุงเทพมหานคร,ในเขตเทศบาล,"70-79 ปี",ชาย,76475.00,คน,สำนักงานสถิติแห่งชาติ
2550,ภาคกลาง(ไม่รวมกรุงเทพมหานคร),รวม,"70-79 ปี",ชาย,226373.00,คน,สำนักงานสถิติแห่งชาติ
2550,ภาคเหนือ,รวม,"70-79 ปี",ชาย,227452.00,คน,สำนักงานสถิติแห่งชาติ
2550,ภาคตะวันออกเฉียงเหนือ,รวม,"70-79 ปี",ชาย,304694.00,คน,สำนักงานสถิติแห่งชาติ
2550,ภาคใต้,รวม,"70-79 ปี",ชาย,127215.00,คน,สำนักงานสถิติแห่งชาติ
2550,ทั่วประเทศ,รวม,"80 ปีขึ้นไป",ชาย,258021.00,คน,สำนักงานสถิติแห่งชาติ
2550,ทั่วประเทศ,ในเขตเทศบาล,"80 ปีขึ้นไป",ชาย,72238.00,คน,สำนักงานสถิติแห่งชาติ
2550,ทั่วประเทศ,นอกเขตเทศบาล,"80 ปีขึ้นไป",ชาย,185783.00,คน,สำนักงานสถิติแห่งชาติ
2550,กรุงเทพมหานคร,ในเขตเทศบาล,"80 ปีขึ้นไป",ชาย,22829.00,คน,สำนักงานสถิติแห่งชาติ
2550,ภาคกลาง(ไม่รวมกรุงเทพมหานคร),รวม,"80 ปีขึ้นไป",ชาย,61768.00,คน,สำนักงานสถิติแห่งชาติ
2550,ภาคเหนือ,รวม,"80 ปีขึ้นไป",ชาย,59834.00,คน,สำนักงานสถิติแห่งชาติ
2550,ภาคตะวันออกเฉียงเหนือ,รวม,"80 ปีขึ้นไป",ชาย,76861.00,คน,สำนักงานสถิติแห่งชาติ
2550,ภาคใต้,รวม,"80 ปีขึ้นไป",ชาย,36729.00,คน,สำนักงานสถิติแห่งชาติ
2550,ทั่วประเทศ,รวม,"60-69 ปี",หญิง,2214746.00,คน,สำนักงานสถิติแห่งชาติ
2550,ทั่วประเทศ,ในเขตเทศบาล,"60-69 ปี",หญิง,647635.00,คน,สำนักงานสถิติแห่งชาติ
2550,ทั่วประเทศ,นอกเขตเทศบาล,"60-69 ปี",หญิง,1567112.00,คน,สำนักงานสถิติแห่งชาติ
2550,กรุงเทพมหานคร,ในเขตเทศบาล,"60-69 ปี",หญิง,216636.00,คน,สำนักงานสถิติแห่งชาติ
2550,ภาคกลาง(ไม่รวมกรุงเทพมหานคร),รวม,"60-69 ปี",หญิง,516423.00,คน,สำนักงานสถิติแห่งชาติ
2550,ภาคเหนือ,รวม,"60-69 ปี",หญิง,435580.00,คน,สำนักงานสถิติแห่งชาติ
2550,ภาคตะวันออกเฉียงเหนือ,รวม,"60-69 ปี",หญิง,777983.00,คน,สำนักงานสถิติแห่งชาติ
2550,ภาคใต้,รวม,"60-69 ปี",หญิง,268125.00,คน,สำนักงานสถิติแห่งชาติ
2550,ทั่วประเทศ,รวม,"70-79 ปี",หญิง,1264504.00,คน,สำนักงานสถิติแห่งชาติ
2550,ทั่วประเทศ,ในเขตเทศบาล,"70-79 ปี",หญิง,365400.00,คน,สำนักงานสถิติแห่งชาติ
2550,ทั่วประเทศ,นอกเขตเทศบาล,"70-79 ปี",หญิง,899104.00,คน,สำนักงานสถิติแห่งชาติ
2550,กรุงเทพมหานคร,ในเขตเทศบาล,"70-79 ปี",หญิง,116142.00,คน,สำนักงานสถิติแห่งชาติ
2550,ภาคกลาง(ไม่รวมกรุงเทพมหานคร),รวม,"70-79 ปี",หญิง,306764.00,คน,สำนักงานสถิติแห่งชาติ
2550,ภาคเหนือ,รวม,"70-79 ปี",หญิง,270040.00,คน,สำนักงานสถิติแห่งชาติ
2550,ภาคตะวันออกเฉียงเหนือ,รวม,"70-79 ปี",หญิง,407669.00,คน,สำนักงานสถิติแห่งชาติ
2550,ภาคใต้,รวม,"70-79 ปี",หญิง,163889.00,คน,สำนักงานสถิติแห่งชาติ
2550,ทั่วประเทศ,รวม,"80 ปีขึ้นไป",หญิง,410973.00,คน,สำนักงานสถิติแห่งชาติ
2550,ทั่วประเทศ,ในเขตเทศบาล,"80 ปีขึ้นไป",หญิง,123395.00,คน,สำนักงานสถิติแห่งชาติ
2550,ทั่วประเทศ,นอกเขตเทศบาล,"80 ปีขึ้นไป",หญิง,287578.00,คน,สำนักงานสถิติแห่งชาติ
2550,กรุงเทพมหานคร,ในเขตเทศบาล,"80 ปีขึ้นไป",หญิง,41485.00,คน,สำนักงานสถิติแห่งชาติ
2550,ภาคกลาง(ไม่รวมกรุงเทพมหานคร),รวม,"80 ปีขึ้นไป",หญิง,107507.00,คน,สำนักงานสถิติแห่งชาติ
2550,ภาคเหนือ,รวม,"80 ปีขึ้นไป",หญิง,80569.00,คน,สำนักงานสถิติแห่งชาติ
2550,ภาคตะวันออกเฉียงเหนือ,รวม,"80 ปีขึ้นไป",หญิง,121285.00,คน,สำนักงานสถิติแห่งชาติ
2550,ภาคใต้,รวม,"80 ปีขึ้นไป",หญิง,60127.00,คน,สำนักงานสถิติแห่งชาติ
2557,ทั่วประเทศ,รวม,รวม,รวม,10014705.00,คน,สำนักงานสถิติแห่งชาติ
2557,ทั่วประเทศ,ในเขตเทศบาล,รวม,รวม,4097963.00,คน,สำนักงานสถิติแห่งชาติ
2557,ทั่วประเทศ,นอกเขตเทศบาล,รวม,รวม,5916742.00,คน,สำนักงานสถิติแห่งชาติ
2557,กรุงเทพมหานคร,ในเขตเทศบาล,รวม,รวม,942586.00,คน,สำนักงานสถิติแห่งชาติ
2557,ภาคกลาง(ไม่รวมกรุงเทพมหานคร),รวม,รวม,รวม,2561881.00,คน,สำนักงานสถิติแห่งชาติ
2557,ภาคเหนือ,รวม,รวม,รวม,2117550.00,คน,สำนักงานสถิติแห่งชาติ
2557,ภาคตะวันออกเฉียงเหนือ,รวม,รวม,รวม,3192932.00,คน,สำนักงานสถิติแห่งชาติ
2557,ภาคใต้,รวม,รวม,รวม,1199756.00,คน,สำนักงานสถิติแห่งชาติ
2557,ทั่วประเทศ,รวม,"60-64 ปี",รวม,3318193.00,คน,สำนักงานสถิติแห่งชาติ
2557,ทั่วประเทศ,ในเขตเทศบาล,"60-64 ปี",รวม,1394071.00,คน,สำนักงานสถิติแห่งชาติ
2557,ทั่วประเทศ,นอกเขตเทศบาล,"60-64 ปี",รวม,1924122.00,คน,สำนักงานสถิติแห่งชาติ
2557,กรุงเทพมหานคร,ในเขตเทศบาล,"60-64 ปี",รวม,346802.00,คน,สำนักงานสถิติแห่งชาติ
2557,ภาคกลาง(ไม่รวมกรุงเทพมหานคร),รวม,"60-64 ปี",รวม,850820.00,คน,สำนักงานสถิติแห่งชาติ
2557,ภาคเหนือ,รวม,"60-64 ปี",รวม,716730.00,คน,สำนักงานสถิติแห่งชาติ
2557,ภาคตะวันออกเฉียงเหนือ,รวม,"60-64 ปี",รวม,1031475.00,คน,สำนักงานสถิติแห่งชาติ
2557,ภาคใต้,รวม,"60-64 ปี",รวม,372366.00,คน,สำนักงานสถิติแห่งชาติ
2557,ทั่วประเทศ,รวม,"65-69 ปี",รวม,2336991.00,คน,สำนักงานสถิติแห่งชาติ
2557,ทั่วประเทศ,ในเขตเทศบาล,"65-69 ปี",รวม,949490.00,คน,สำนักงานสถิติแห่งชาติ
2557,ทั่วประเทศ,นอกเขตเทศบาล,"65-69 ปี",รวม,1387501.00,คน,สำนักงานสถิติแห่งชาติ
2557,กรุงเทพมหานคร,ในเขตเทศบาล,"65-69 ปี",รวม,213380.00,คน,สำนักงานสถิติแห่งชาติ
2557,ภาคกลาง(ไม่รวมกรุงเทพมหานคร),รวม,"65-69 ปี",รวม,584408.00,คน,สำนักงานสถิติแห่งชาติ
2557,ภาคเหนือ,รวม,"65-69 ปี",รวม,468795.00,คน,สำนักงานสถิติแห่งชาติ
2557,ภาคตะวันออกเฉียงเหนือ,รวม,"65-69 ปี",รวม,803301.00,คน,สำนักงานสถิติแห่งชาติ
2557,ภาคใต้,รวม,"65-69 ปี",รวม,267107.00,คน,สำนักงานสถิติแห่งชาติ
2557,ทั่วประเทศ,รวม,"70-74 ปี",รวม,1744762.00,คน,สำนักงานสถิติแห่งชาติ
2557,ทั่วประเทศ,ในเขตเทศบาล,"70-74 ปี",รวม,700975.00,คน,สำนักงานสถิติแห่งชาติ
2557,ทั่วประเทศ,นอกเขตเทศบาล,"70-74 ปี",รวม,1043787.00,คน,สำนักงานสถิติแห่งชาติ
2557,กรุงเทพมหานคร,ในเขตเทศบาล,"70-74 ปี",รวม,153808.00,คน,สำนักงานสถิติแห่งชาติ
2557,ภาคกลาง(ไม่รวมกรุงเทพมหานคร),รวม,"70-74 ปี",รวม,445372.00,คน,สำนักงานสถิติแห่งชาติ
2557,ภาคเหนือ,รวม,"70-74 ปี",รวม,357613.00,คน,สำนักงานสถิติแห่งชาติ
2557,ภาคตะวันออกเฉียงเหนือ,รวม,"70-74 ปี",รวม,577928.00,คน,สำนักงานสถิติแห่งชาติ
2557,ภาคใต้,รวม,"70-74 ปี",รวม,210041.00,คน,สำนักงานสถิติแห่งชาติ
2557,ทั่วประเทศ,รวม,"75-79 ปี",รวม,1250936.00,คน,สำนักงานสถิติแห่งชาติ
2557,ทั่วประเทศ,ในเขตเทศบาล,"75-79 ปี",รวม,504953.00,คน,สำนักงานสถิติแห่งชาติ
2557,ทั่วประเทศ,นอกเขตเทศบาล,"75-79 ปี",รวม,745983.00,คน,สำนักงานสถิติแห่งชาติ
2557,กรุงเทพมหานคร,ในเขตเทศบาล,"75-79 ปี",รวม,109788.00,คน,สำนักงานสถิติแห่งชาติ
2557,ภาคกลาง(ไม่รวมกรุงเทพมหานคร),รวม,"75-79 ปี",รวม,327982.00,คน,สำนักงานสถิติแห่งชาติ
2557,ภาคเหนือ,รวม,"75-79 ปี",รวม,270440.00,คน,สำนักงานสถิติแห่งชาติ
2557,ภาคตะวันออกเฉียงเหนือ,รวม,"75-79 ปี",รวม,380183.00,คน,สำนักงานสถิติแห่งชาติ
2557,ภาคใต้,รวม,"75-79 ปี",รวม,162543.00,คน,สำนักงานสถิติแห่งชาติ
2557,ทั่วประเทศ,รวม,"80 ปีขึ้นไป",รวม,1363823.00,คน,สำนักงานสถิติแห่งชาติ
2557,ทั่วประเทศ,ในเขตเทศบาล,"80 ปีขึ้นไป",รวม,548474.00,คน,สำนักงานสถิติแห่งชาติ
2557,ทั่วประเทศ,นอกเขตเทศบาล,"80 ปีขึ้นไป",รวม,815349.00,คน,สำนักงานสถิติแห่งชาติ
2557,กรุงเทพมหานคร,ในเขตเทศบาล,"80 ปีขึ้นไป",รวม,118808.00,คน,สำนักงานสถิติแห่งชาติ
2557,ภาคกลาง(ไม่รวมกรุงเทพมหานคร),รวม,"80 ปีขึ้นไป",รวม,353299.00,คน,สำนักงานสถิติแห่งชาติ
2557,ภาคเหนือ,รวม,"80 ปีขึ้นไป",รวม,303972.00,คน,สำนักงานสถิติแห่งชาติ
2557,ภาคตะวันออกเฉียงเหนือ,รวม,"80 ปีขึ้นไป",รวม,400045.00,คน,สำนักงานสถิติแห่งชาติ
2557,ภาคใต้,รวม,"80 ปีขึ้นไป",รวม,187699.00,คน,สำนักงานสถิติแห่งชาติ
2557,ทั่วประเทศ,รวม,รวม,ชาย,4514815.00,คน,สำนักงานสถิติแห่งชาติ
2557,ทั่วประเทศ,ในเขตเทศบาล,รวม,ชาย,1821569.00,คน,สำนักงานสถิติแห่งชาติ
2557,ทั่วประเทศ,นอกเขตเทศบาล,รวม,ชาย,2693246.00,คน,สำนักงานสถิติแห่งชาติ
2557,กรุงเทพมหานคร,ในเขตเทศบาล,รวม,ชาย,412760.00,คน,สำนักงานสถิติแห่งชาติ
2557,ภาคกลาง(ไม่รวมกรุงเทพมหานคร),รวม,รวม,ชาย,1132330.00,คน,สำนักงานสถิติแห่งชาติ
2557,ภาคเหนือ,รวม,รวม,ชาย,977353.00,คน,สำนักงานสถิติแห่งชาติ
2557,ภาคตะวันออกเฉียงเหนือ,รวม,รวม,ชาย,1454036.00,คน,สำนักงานสถิติแห่งชาติ
2557,ภาคใต้,รวม,รวม,ชาย,538336.00,คน,สำนักงานสถิติแห่งชาติ
2557,ทั่วประเทศ,รวม,"60-64 ปี",ชาย,1565047.00,คน,สำนักงานสถิติแห่งชาติ
2557,ทั่วประเทศ,ในเขตเทศบาล,"60-64 ปี",ชาย,650102.00,คน,สำนักงานสถิติแห่งชาติ
2557,ทั่วประเทศ,นอกเขตเทศบาล,"60-64 ปี",ชาย,914945.00,คน,สำนักงานสถิติแห่งชาติ
2557,กรุงเทพมหานคร,ในเขตเทศบาล,"60-64 ปี",ชาย,161969.00,คน,สำนักงานสถิติแห่งชาติ
2557,ภาคกลาง(ไม่รวมกรุงเทพมหานคร),รวม,"60-64 ปี",ชาย,392690.00,คน,สำนักงานสถิติแห่งชาติ
2557,ภาคเหนือ,รวม,"60-64 ปี",ชาย,342608.00,คน,สำนักงานสถิติแห่งชาติ
2557,ภาคตะวันออกเฉียงเหนือ,รวม,"60-64 ปี",ชาย,491847.00,คน,สำนักงานสถิติแห่งชาติ
2557,ภาคใต้,รวม,"60-64 ปี",ชาย,175933.00,คน,สำนักงานสถิติแห่งชาติ
2557,ทั่วประเทศ,รวม,"65-69 ปี",ชาย,1087072.00,คน,สำนักงานสถิติแห่งชาติ
2557,ทั่วประเทศ,ในเขตเทศบาล,"65-69 ปี",ชาย,434797.00,คน,สำนักงานสถิติแห่งชาติ
2557,ทั่วประเทศ,นอกเขตเทศบาล,"65-69 ปี",ชาย,652275.00,คน,สำนักงานสถิติแห่งชาติ
2557,กรุงเทพมหานคร,ในเขตเทศบาล,"65-69 ปี",ชาย,93952.00,คน,สำนักงานสถิติแห่งชาติ
2557,ภาคกลาง(ไม่รวมกรุงเทพมหานคร),รวม,"65-69 ปี",ชาย,267868.00,คน,สำนักงานสถิติแห่งชาติ
2557,ภาคเหนือ,รวม,"65-69 ปี",ชาย,223282.00,คน,สำนักงานสถิติแห่งชาติ
2557,ภาคตะวันออกเฉียงเหนือ,รวม,"65-69 ปี",ชาย,378086.00,คน,สำนักงานสถิติแห่งชาติ
2557,ภาคใต้,รวม,"65-69 ปี",ชาย,123884.00,คน,สำนักงานสถิติแห่งชาติ
2557,ทั่วประเทศ,รวม,"70-74 ปี",ชาย,787334.00,คน,สำนักงานสถิติแห่งชาติ
2557,ทั่วประเทศ,ในเขตเทศบาล,"70-74 ปี",ชาย,310656.00,คน,สำนักงานสถิติแห่งชาติ
2557,ทั่วประเทศ,นอกเขตเทศบาล,"70-74 ปี",ชาย,476678.00,คน,สำนักงานสถิติแห่งชาติ
2557,กรุงเทพมหานคร,ในเขตเทศบาล,"70-74 ปี",ชาย,66211.00,คน,สำนักงานสถิติแห่งชาติ
2557,ภาคกลาง(ไม่รวมกรุงเทพมหานคร),รวม,"70-74 ปี",ชาย,197197.00,คน,สำนักงานสถิติแห่งชาติ
2557,ภาคเหนือ,รวม,"70-74 ปี",ชาย,165865.00,คน,สำนักงานสถิติแห่งชาติ
2557,ภาคตะวันออกเฉียงเหนือ,รวม,"70-74 ปี",ชาย,262551.00,คน,สำนักงานสถิติแห่งชาติ
2557,ภาคใต้,รวม,"70-74 ปี",ชาย,95510.00,คน,สำนักงานสถิติแห่งชาติ
2557,ทั่วประเทศ,รวม,"75-79 ปี",ชาย,537933.00,คน,สำนักงานสถิติแห่งชาติ
2557,ทั่วประเทศ,ในเขตเทศบาล,"75-79 ปี",ชาย,214030.00,คน,สำนักงานสถิติแห่งชาติ
2557,ทั่วประเทศ,นอกเขตเทศบาล,"75-79 ปี",ชาย,323903.00,คน,สำนักงานสถิติแห่งชาติ
2557,กรุงเทพมหานคร,ในเขตเทศบาล,"75-79 ปี",ชาย,46024.00,คน,สำนักงานสถิติแห่งชาติ
2557,ภาคกลาง(ไม่รวมกรุงเทพมหานคร),รวม,"75-79 ปี",ชาย,139334.00,คน,สำนักงานสถิติแห่งชาติ
2557,ภาคเหนือ,รวม,"75-79 ปี",ชาย,120098.00,คน,สำนักงานสถิติแห่งชาติ
2557,ภาคตะวันออกเฉียงเหนือ,รวม,"75-79 ปี",ชาย,163076.00,คน,สำนักงานสถิติแห่งชาติ
2557,ภาคใต้,รวม,"75-79 ปี",ชาย,69401.00,คน,สำนักงานสถิติแห่งชาติ
2557,ทั่วประเทศ,รวม,"80 ปีขึ้นไป",ชาย,537429.00,คน,สำนักงานสถิติแห่งชาติ
2557,ทั่วประเทศ,ในเขตเทศบาล,"80 ปีขึ้นไป",ชาย,211984.00,คน,สำนักงานสถิติแห่งชาติ
2557,ทั่วประเทศ,นอกเขตเทศบาล,"80 ปีขึ้นไป",ชาย,325445.00,คน,สำนักงานสถิติแห่งชาติ
2557,กรุงเทพมหานคร,ในเขตเทศบาล,"80 ปีขึ้นไป",ชาย,44604.00,คน,สำนักงานสถิติแห่งชาติ
2557,ภาคกลาง(ไม่รวมกรุงเทพมหานคร),รวม,"80 ปีขึ้นไป",ชาย,135241.00,คน,สำนักงานสถิติแห่งชาติ
2557,ภาคเหนือ,รวม,"80 ปีขึ้นไป",ชาย,125500.00,คน,สำนักงานสถิติแห่งชาติ
2557,ภาคตะวันออกเฉียงเหนือ,รวม,"80 ปีขึ้นไป",ชาย,158476.00,คน,สำนักงานสถิติแห่งชาติ
2557,ภาคใต้,รวม,"80 ปีขึ้นไป",ชาย,73608.00,คน,สำนักงานสถิติแห่งชาติ
2557,ทั่วประเทศ,รวม,รวม,หญิง,5499890.00,คน,สำนักงานสถิติแห่งชาติ
2557,ทั่วประเทศ,ในเขตเทศบาล,รวม,หญิง,2276394.00,คน,สำนักงานสถิติแห่งชาติ
2557,ทั่วประเทศ,นอกเขตเทศบาล,รวม,หญิง,3223496.00,คน,สำนักงานสถิติแห่งชาติ
2557,กรุงเทพมหานคร,ในเขตเทศบาล,รวม,หญิง,529826.00,คน,สำนักงานสถิติแห่งชาติ
2557,ภาคกลาง(ไม่รวมกรุงเทพมหานคร),รวม,รวม,หญิง,1429551.00,คน,สำนักงานสถิติแห่งชาติ
2557,ภาคเหนือ,รวม,รวม,หญิง,1140197.00,คน,สำนักงานสถิติแห่งชาติ
2557,ภาคตะวันออกเฉียงเหนือ,รวม,รวม,หญิง,1738896.00,คน,สำนักงานสถิติแห่งชาติ
2557,ภาคใต้,รวม,รวม,หญิง,661420.00,คน,สำนักงานสถิติแห่งชาติ
2557,ทั่วประเทศ,รวม,"60-64 ปี",หญิง,1753146.00,คน,สำนักงานสถิติแห่งชาติ
2557,ทั่วประเทศ,ในเขตเทศบาล,"60-64 ปี",หญิง,743969.00,คน,สำนักงานสถิติแห่งชาติ
2557,ทั่วประเทศ,นอกเขตเทศบาล,"60-64 ปี",หญิง,1009177.00,คน,สำนักงานสถิติแห่งชาติ
2557,กรุงเทพมหานคร,ในเขตเทศบาล,"60-64 ปี",หญิง,184833.00,คน,สำนักงานสถิติแห่งชาติ
2557,ภาคกลาง(ไม่รวมกรุงเทพมหานคร),รวม,"60-64 ปี",หญิง,458130.00,คน,สำนักงานสถิติแห่งชาติ
2557,ภาคเหนือ,รวม,"60-64 ปี",หญิง,374122.00,คน,สำนักงานสถิติแห่งชาติ
2557,ภาคตะวันออกเฉียงเหนือ,รวม,"60-64 ปี",หญิง,539628.00,คน,สำนักงานสถิติแห่งชาติ
2557,ภาคใต้,รวม,"60-64 ปี",หญิง,196433.00,คน,สำนักงานสถิติแห่งชาติ
2557,ทั่วประเทศ,รวม,"65-69 ปี",หญิง,1249919.00,คน,สำนักงานสถิติแห่งชาติ
2557,ทั่วประเทศ,ในเขตเทศบาล,"65-69 ปี",หญิง,514693.00,คน,สำนักงานสถิติแห่งชาติ
2557,ทั่วประเทศ,นอกเขตเทศบาล,"65-69 ปี",หญิง,735226.00,คน,สำนักงานสถิติแห่งชาติ
2557,กรุงเทพมหานคร,ในเขตเทศบาล,"65-69 ปี",หญิง,119428.00,คน,สำนักงานสถิติแห่งชาติ
2557,ภาคกลาง(ไม่รวมกรุงเทพมหานคร),รวม,"65-69 ปี",หญิง,316540.00,คน,สำนักงานสถิติแห่งชาติ
2557,ภาคเหนือ,รวม,"65-69 ปี",หญิง,245513.00,คน,สำนักงานสถิติแห่งชาติ
2557,ภาคตะวันออกเฉียงเหนือ,รวม,"65-69 ปี",หญิง,425215.00,คน,สำนักงานสถิติแห่งชาติ
2557,ภาคใต้,รวม,"65-69 ปี",หญิง,143223.00,คน,สำนักงานสถิติแห่งชาติ
2557,ทั่วประเทศ,รวม,"70-74 ปี",หญิง,957428.00,คน,สำนักงานสถิติแห่งชาติ
2557,ทั่วประเทศ,ในเขตเทศบาล,"70-74 ปี",หญิง,390319.00,คน,สำนักงานสถิติแห่งชาติ
2557,ทั่วประเทศ,นอกเขตเทศบาล,"70-74 ปี",หญิง,567109.00,คน,สำนักงานสถิติแห่งชาติ
2557,กรุงเทพมหานคร,ในเขตเทศบาล,"70-74 ปี",หญิง,87597.00,คน,สำนักงานสถิติแห่งชาติ
2557,ภาคกลาง(ไม่รวมกรุงเทพมหานคร),รวม,"70-74 ปี",หญิง,248175.00,คน,สำนักงานสถิติแห่งชาติ
2557,ภาคเหนือ,รวม,"70-74 ปี",หญิง,191748.00,คน,สำนักงานสถิติแห่งชาติ
2557,ภาคตะวันออกเฉียงเหนือ,รวม,"70-74 ปี",หญิง,315377.00,คน,สำนักงานสถิติแห่งชาติ
2557,ภาคใต้,รวม,"70-74 ปี",หญิง,114531.00,คน,สำนักงานสถิติแห่งชาติ
2557,ทั่วประเทศ,รวม,"75-79 ปี",หญิง,713003.00,คน,สำนักงานสถิติแห่งชาติ
2557,ทั่วประเทศ,ในเขตเทศบาล,"75-79 ปี",หญิง,290923.00,คน,สำนักงานสถิติแห่งชาติ
2557,ทั่วประเทศ,นอกเขตเทศบาล,"75-79 ปี",หญิง,422080.00,คน,สำนักงานสถิติแห่งชาติ
2557,กรุงเทพมหานคร,ในเขตเทศบาล,"75-79 ปี",หญิง,63764.00,คน,สำนักงานสถิติแห่งชาติ
2557,ภาคกลาง(ไม่รวมกรุงเทพมหานคร),รวม,"75-79 ปี",หญิง,188648.00,คน,สำนักงานสถิติแห่งชาติ
2557,ภาคเหนือ,รวม,"75-79 ปี",หญิง,150342.00,คน,สำนักงานสถิติแห่งชาติ
2557,ภาคตะวันออกเฉียงเหนือ,รวม,"75-79 ปี",หญิง,217107.00,คน,สำนักงานสถิติแห่งชาติ
2557,ภาคใต้,รวม,"75-79 ปี",หญิง,93142.00,คน,สำนักงานสถิติแห่งชาติ
2557,ทั่วประเทศ,รวม,"80 ปีขึ้นไป",หญิง,826394.00,คน,สำนักงานสถิติแห่งชาติ
2557,ทั่วประเทศ,ในเขตเทศบาล,"80 ปีขึ้นไป",หญิง,336490.00,คน,สำนักงานสถิติแห่งชาติ
2557,ทั่วประเทศ,นอกเขตเทศบาล,"80 ปีขึ้นไป",หญิง,489904.00,คน,สำนักงานสถิติแห่งชาติ
2557,กรุงเทพมหานคร,ในเขตเทศบาล,"80 ปีขึ้นไป",หญิง,74204.00,คน,สำนักงานสถิติแห่งชาติ
2557,ภาคกลาง(ไม่รวมกรุงเทพมหานคร),รวม,"80 ปีขึ้นไป",หญิง,218058.00,คน,สำนักงานสถิติแห่งชาติ
2557,ภาคเหนือ,รวม,"80 ปีขึ้นไป",หญิง,178472.00,คน,สำนักงานสถิติแห่งชาติ
2557,ภาคตะวันออกเฉียงเหนือ,รวม,"80 ปีขึ้นไป",หญิง,241569.00,คน,สำนักงานสถิติแห่งชาติ
2557,ภาคใต้,รวม,"80 ปีขึ้นไป",หญิง,114091.00,คน,สำนักงานสถิติแห่งชาติ
2560,ทั่วประเทศ,รวม,รวม,รวม,11312447.00,คน,สำนักงานสถิติแห่งชาติ
2560,ทั่วประเทศ,ในเขตเทศบาล,รวม,รวม,4656769.00,คน,สำนักงานสถิติแห่งชาติ
2560,ทั่วประเทศ,นอกเขตเทศบาล,รวม,รวม,6655678.00,คน,สำนักงานสถิติแห่งชาติ
2560,กรุงเทพมหานคร,ในเขตเทศบาล,รวม,รวม,1089974.00,คน,สำนักงานสถิติแห่งชาติ
2560,ภาคกลาง(ไม่รวมกรุงเทพมหานคร),รวม,รวม,รวม,2913742.00,คน,สำนักงานสถิติแห่งชาติ
2560,ภาคเหนือ,รวม,รวม,รวม,2402809.00,คน,สำนักงานสถิติแห่งชาติ
2560,ภาคตะวันออกเฉียงเหนือ,รวม,รวม,รวม,3570727.00,คน,สำนักงานสถิติแห่งชาติ
2560,ภาคใต้,รวม,รวม,รวม,1335195.00,คน,สำนักงานสถิติแห่งชาติ
2560,ทั่วประเทศ,รวม,"60-64 ปี",รวม,3740907.00,คน,สำนักงานสถิติแห่งชาติ
2560,ทั่วประเทศ,ในเขตเทศบาล,"60-64 ปี",รวม,1578063.00,คน,สำนักงานสถิติแห่งชาติ
2560,ทั่วประเทศ,นอกเขตเทศบาล,"60-64 ปี",รวม,2162844.00,คน,สำนักงานสถิติแห่งชาติ
2560,กรุงเทพมหานคร,ในเขตเทศบาล,"60-64 ปี",รวม,393800.00,คน,สำนักงานสถิติแห่งชาติ
2560,ภาคกลาง(ไม่รวมกรุงเทพมหานคร),รวม,"60-64 ปี",รวม,969651.00,คน,สำนักงานสถิติแห่งชาติ
2560,ภาคเหนือ,รวม,"60-64 ปี",รวม,824042.00,คน,สำนักงานสถิติแห่งชาติ
2560,ภาคตะวันออกเฉียงเหนือ,รวม,"60-64 ปี",รวม,1133841.00,คน,สำนักงานสถิติแห่งชาติ
2560,ภาคใต้,รวม,"60-64 ปี",รวม,419573.00,คน,สำนักงานสถิติแห่งชาติ
2560,ทั่วประเทศ,รวม,"65-69 ปี",รวม,2750551.00,คน,สำนักงานสถิติแห่งชาติ
2560,ทั่วประเทศ,ในเขตเทศบาล,"65-69 ปี",รวม,1137525.00,คน,สำนักงานสถิติแห่งชาติ
2560,ทั่วประเทศ,นอกเขตเทศบาล,"65-69 ปี",รวม,1613026.00,คน,สำนักงานสถิติแห่งชาติ
2560,กรุงเทพมหานคร,ในเขตเทศบาล,"65-69 ปี",รวม,272628.00,คน,สำนักงานสถิติแห่งชาติ
2560,ภาคกลาง(ไม่รวมกรุงเทพมหานคร),รวม,"65-69 ปี",รวม,702416.00,คน,สำนักงานสถิติแห่งชาติ
2560,ภาคเหนือ,รวม,"65-69 ปี",รวม,576215.00,คน,สำนักงานสถิติแห่งชาติ
2560,ภาคตะวันออกเฉียงเหนือ,รวม,"65-69 ปี",รวม,886739.00,คน,สำนักงานสถิติแห่งชาติ
2560,ภาคใต้,รวม,"65-69 ปี",รวม,312553.00,คน,สำนักงานสถิติแห่งชาติ
2560,ทั่วประเทศ,รวม,"70-74 ปี",รวม,1927643.00,คน,สำนักงานสถิติแห่งชาติ
2560,ทั่วประเทศ,ในเขตเทศบาล,"70-74 ปี",รวม,775786.00,คน,สำนักงานสถิติแห่งชาติ
2560,ทั่วประเทศ,นอกเขตเทศบาล,"70-74 ปี",รวม,1151857.00,คน,สำนักงานสถิติแห่งชาติ
2560,กรุงเทพมหานคร,ในเขตเทศบาล,"70-74 ปี",รวม,172610.00,คน,สำนักงานสถิติแห่งชาติ
2560,ภาคกลาง(ไม่รวมกรุงเทพมหานคร),รวม,"70-74 ปี",รวม,485025.00,คน,สำนักงานสถิติแห่งชาติ
2560,ภาคเหนือ,รวม,"70-74 ปี",รวม,380613.00,คน,สำนักงานสถิติแห่งชาติ
2560,ภาคตะวันออกเฉียงเหนือ,รวม,"70-74 ปี",รวม,663679.00,คน,สำนักงานสถิติแห่งชาติ
2560,ภาคใต้,รวม,"70-74 ปี",รวม,225716.00,คน,สำนักงานสถิติแห่งชาติ
2560,ทั่วประเทศ,รวม,"75-79 ปี",รวม,1352588.00,คน,สำนักงานสถิติแห่งชาติ
2560,ทั่วประเทศ,ในเขตเทศบาล,"75-79 ปี",รวม,545994.00,คน,สำนักงานสถิติแห่งชาติ
2560,ทั่วประเทศ,นอกเขตเทศบาล,"75-79 ปี",รวม,806594.00,คน,สำนักงานสถิติแห่งชาติ
2560,กรุงเทพมหานคร,ในเขตเทศบาล,"75-79 ปี",รวม,118517.00,คน,สำนักงานสถิติแห่งชาติ
2560,ภาคกลาง(ไม่รวมกรุงเทพมหานคร),รวม,"75-79 ปี",รวม,354054.00,คน,สำนักงานสถิติแห่งชาติ
2560,ภาคเหนือ,รวม,"75-79 ปี",รวม,281069.00,คน,สำนักงานสถิติแห่งชาติ
2560,ภาคตะวันออกเฉียงเหนือ,รวม,"75-79 ปี",รวม,432042.00,คน,สำนักงานสถิติแห่งชาติ
2560,ภาคใต้,รวม,"75-79 ปี",รวม,166906.00,คน,สำนักงานสถิติแห่งชาติ
2560,ทั่วประเทศ,รวม,"80 ปีขึ้นไป",รวม,1540758.00,คน,สำนักงานสถิติแห่งชาติ
2560,ทั่วประเทศ,ในเขตเทศบาล,"80 ปีขึ้นไป",รวม,619401.00,คน,สำนักงานสถิติแห่งชาติ
2560,ทั่วประเทศ,นอกเขตเทศบาล,"80 ปีขึ้นไป",รวม,921357.00,คน,สำนักงานสถิติแห่งชาติ
2560,กรุงเทพมหานคร,ในเขตเทศบาล,"80 ปีขึ้นไป",รวม,132419.00,คน,สำนักงานสถิติแห่งชาติ
2560,ภาคกลาง(ไม่รวมกรุงเทพมหานคร),รวม,"80 ปีขึ้นไป",รวม,402596.00,คน,สำนักงานสถิติแห่งชาติ
2560,ภาคเหนือ,รวม,"80 ปีขึ้นไป",รวม,340870.00,คน,สำนักงานสถิติแห่งชาติ
2560,ภาคตะวันออกเฉียงเหนือ,รวม,"80 ปีขึ้นไป",รวม,454426.00,คน,สำนักงานสถิติแห่งชาติ
2560,ภาคใต้,รวม,"80 ปีขึ้นไป",รวม,210447.00,คน,สำนักงานสถิติแห่งชาติ
2560,ทั่วประเทศ,รวม,รวม,ชาย,5083681.00,คน,สำนักงานสถิติแห่งชาติ
2560,ทั่วประเทศ,ในเขตเทศบาล,รวม,ชาย,2062919.00,คน,สำนักงานสถิติแห่งชาติ
2560,ทั่วประเทศ,นอกเขตเทศบาล,รวม,ชาย,3020762.00,คน,สำนักงานสถิติแห่งชาติ
2560,กรุงเทพมหานคร,ในเขตเทศบาล,รวม,ชาย,476782.00,คน,สำนักงานสถิติแห่งชาติ
2560,ภาคกลาง(ไม่รวมกรุงเทพมหานคร),รวม,รวม,ชาย,1280708.00,คน,สำนักงานสถิติแห่งชาติ
2560,ภาคเหนือ,รวม,รวม,ชาย,1104134.00,คน,สำนักงานสถิติแห่งชาติ
2560,ภาคตะวันออกเฉียงเหนือ,รวม,รวม,ชาย,1626163.00,คน,สำนักงานสถิติแห่งชาติ
2560,ภาคใต้,รวม,รวม,ชาย,595894.00,คน,สำนักงานสถิติแห่งชาติ
2560,ทั่วประเทศ,รวม,"60-64 ปี",ชาย,1757329.00,คน,สำนักงานสถิติแห่งชาติ
2560,ทั่วประเทศ,ในเขตเทศบาล,"60-64 ปี",ชาย,732014.00,คน,สำนักงานสถิติแห่งชาติ
2560,ทั่วประเทศ,นอกเขตเทศบาล,"60-64 ปี",ชาย,1025315.00,คน,สำนักงานสถิติแห่งชาติ
2560,กรุงเทพมหานคร,ในเขตเทศบาล,"60-64 ปี",ชาย,182207.00,คน,สำนักงานสถิติแห่งชาติ
2560,ภาคกลาง(ไม่รวมกรุงเทพมหานคร),รวม,"60-64 ปี",ชาย,446386.00,คน,สำนักงานสถิติแห่งชาติ
2560,ภาคเหนือ,รวม,"60-64 ปี",ชาย,390719.00,คน,สำนักงานสถิติแห่งชาติ
2560,ภาคตะวันออกเฉียงเหนือ,รวม,"60-64 ปี",ชาย,540262.00,คน,สำนักงานสถิติแห่งชาติ
2560,ภาคใต้,รวม,"60-64 ปี",ชาย,197755.00,คน,สำนักงานสถิติแห่งชาติ
2560,ทั่วประเทศ,รวม,"65-69 ปี",ชาย,1274928.00,คน,สำนักงานสถิติแห่งชาติ
2560,ทั่วประเทศ,ในเขตเทศบาล,"65-69 ปี",ชาย,520160.00,คน,สำนักงานสถิติแห่งชาติ
2560,ทั่วประเทศ,นอกเขตเทศบาล,"65-69 ปี",ชาย,754768.00,คน,สำนักงานสถิติแห่งชาติ
2560,กรุงเทพมหานคร,ในเขตเทศบาล,"65-69 ปี",ชาย,122386.00,คน,สำนักงานสถิติแห่งชาติ
2560,ภาคกลาง(ไม่รวมกรุงเทพมหานคร),รวม,"65-69 ปี",ชาย,318348.00,คน,สำนักงานสถิติแห่งชาติ
2560,ภาคเหนือ,รวม,"65-69 ปี",ชาย,272599.00,คน,สำนักงานสถิติแห่งชาติ
2560,ภาคตะวันออกเฉียงเหนือ,รวม,"65-69 ปี",ชาย,416835.00,คน,สำนักงานสถิติแห่งชาติ
2560,ภาคใต้,รวม,"65-69 ปี",ชาย,144760.00,คน,สำนักงานสถิติแห่งชาติ
2560,ทั่วประเทศ,รวม,"70-74 ปี",ชาย,868524.00,คน,สำนักงานสถิติแห่งชาติ
2560,ทั่วประเทศ,ในเขตเทศบาล,"70-74 ปี",ชาย,343082.00,คน,สำนักงานสถิติแห่งชาติ
2560,ทั่วประเทศ,นอกเขตเทศบาล,"70-74 ปี",ชาย,525442.00,คน,สำนักงานสถิติแห่งชาติ
2560,กรุงเทพมหานคร,ในเขตเทศบาล,"70-74 ปี",ชาย,74273.00,คน,สำนักงานสถิติแห่งชาติ
2560,ภาคกลาง(ไม่รวมกรุงเทพมหานคร),รวม,"70-74 ปี",ชาย,213339.00,คน,สำนักงานสถิติแห่งชาติ
2560,ภาคเหนือ,รวม,"70-74 ปี",ชาย,176419.00,คน,สำนักงานสถิติแห่งชาติ
2560,ภาคตะวันออกเฉียงเหนือ,รวม,"70-74 ปี",ชาย,303571.00,คน,สำนักงานสถิติแห่งชาติ
2560,ภาคใต้,รวม,"70-74 ปี",ชาย,100922.00,คน,สำนักงานสถิติแห่งชาติ
2560,ทั่วประเทศ,รวม,"75-79 ปี",ชาย,582597.00,คน,สำนักงานสถิติแห่งชาติ
2560,ทั่วประเทศ,ในเขตเทศบาล,"75-79 ปี",ชาย,229826.00,คน,สำนักงานสถิติแห่งชาติ
2560,ทั่วประเทศ,นอกเขตเทศบาล,"75-79 ปี",ชาย,352771.00,คน,สำนักงานสถิติแห่งชาติ
2560,กรุงเทพมหานคร,ในเขตเทศบาล,"75-79 ปี",ชาย,47244.00,คน,สำนักงานสถิติแห่งชาติ
2560,ภาคกลาง(ไม่รวมกรุงเทพมหานคร),รวม,"75-79 ปี",ชาย,149485.00,คน,สำนักงานสถิติแห่งชาติ
2560,ภาคเหนือ,รวม,"75-79 ปี",ชาย,125502.00,คน,สำนักงานสถิติแห่งชาติ
2560,ภาคตะวันออกเฉียงเหนือ,รวม,"75-79 ปี",ชาย,188116.00,คน,สำนักงานสถิติแห่งชาติ
2560,ภาคใต้,รวม,"75-79 ปี",ชาย,72250.00,คน,สำนักงานสถิติแห่งชาติ
2560,ทั่วประเทศ,รวม,"80 ปีขึ้นไป",ชาย,600303.00,คน,สำนักงานสถิติแห่งชาติ
2560,ทั่วประเทศ,ในเขตเทศบาล,"80 ปีขึ้นไป",ชาย,237837.00,คน,สำนักงานสถิติแห่งชาติ
2560,ทั่วประเทศ,นอกเขตเทศบาล,"80 ปีขึ้นไป",ชาย,362466.00,คน,สำนักงานสถิติแห่งชาติ
2560,กรุงเทพมหานคร,ในเขตเทศบาล,"80 ปีขึ้นไป",ชาย,50672.00,คน,สำนักงานสถิติแห่งชาติ
2560,ภาคกลาง(ไม่รวมกรุงเทพมหานคร),รวม,"80 ปีขึ้นไป",ชาย,153150.00,คน,สำนักงานสถิติแห่งชาติ
2560,ภาคเหนือ,รวม,"80 ปีขึ้นไป",ชาย,138895.00,คน,สำนักงานสถิติแห่งชาติ
2560,ภาคตะวันออกเฉียงเหนือ,รวม,"80 ปีขึ้นไป",ชาย,177379.00,คน,สำนักงานสถิติแห่งชาติ
2560,ภาคใต้,รวม,"80 ปีขึ้นไป",ชาย,80207.00,คน,สำนักงานสถิติแห่งชาติ
2560,ทั่วประเทศ,รวม,รวม,หญิง,6228766.00,คน,สำนักงานสถิติแห่งชาติ
2560,ทั่วประเทศ,ในเขตเทศบาล,รวม,หญิง,2593850.00,คน,สำนักงานสถิติแห่งชาติ
2560,ทั่วประเทศ,นอกเขตเทศบาล,รวม,หญิง,3634916.00,คน,สำนักงานสถิติแห่งชาติ
2560,กรุงเทพมหานคร,ในเขตเทศบาล,รวม,หญิง,613192.00,คน,สำนักงานสถิติแห่งชาติ
2560,ภาคกลาง(ไม่รวมกรุงเทพมหานคร),รวม,รวม,หญิง,1633034.00,คน,สำนักงานสถิติแห่งชาติ
2560,ภาคเหนือ,รวม,รวม,หญิง,1298675.00,คน,สำนักงานสถิติแห่งชาติ
2560,ภาคตะวันออกเฉียงเหนือ,รวม,รวม,หญิง,1944564.00,คน,สำนักงานสถิติแห่งชาติ
2560,ภาคใต้,รวม,รวม,หญิง,739301.00,คน,สำนักงานสถิติแห่งชาติ
2560,ทั่วประเทศ,รวม,"60-64 ปี",หญิง,1983578.00,คน,สำนักงานสถิติแห่งชาติ
2560,ทั่วประเทศ,ในเขตเทศบาล,"60-64 ปี",หญิง,846049.00,คน,สำนักงานสถิติแห่งชาติ
2560,ทั่วประเทศ,นอกเขตเทศบาล,"60-64 ปี",หญิง,1137529.00,คน,สำนักงานสถิติแห่งชาติ
2560,กรุงเทพมหานคร,ในเขตเทศบาล,"60-64 ปี",หญิง,211593.00,คน,สำนักงานสถิติแห่งชาติ
2560,ภาคกลาง(ไม่รวมกรุงเทพมหานคร),รวม,"60-64 ปี",หญิง,523265.00,คน,สำนักงานสถิติแห่งชาติ
2560,ภาคเหนือ,รวม,"60-64 ปี",หญิง,433323.00,คน,สำนักงานสถิติแห่งชาติ
2560,ภาคตะวันออกเฉียงเหนือ,รวม,"60-64 ปี",หญิง,593579.00,คน,สำนักงานสถิติแห่งชาติ
2560,ภาคใต้,รวม,"60-64 ปี",หญิง,221818.00,คน,สำนักงานสถิติแห่งชาติ
2560,ทั่วประเทศ,รวม,"65-69 ปี",หญิง,1475623.00,คน,สำนักงานสถิติแห่งชาติ
2560,ทั่วประเทศ,ในเขตเทศบาล,"65-69 ปี",หญิง,617365.00,คน,สำนักงานสถิติแห่งชาติ
2560,ทั่วประเทศ,นอกเขตเทศบาล,"65-69 ปี",หญิง,858258.00,คน,สำนักงานสถิติแห่งชาติ
2560,กรุงเทพมหานคร,ในเขตเทศบาล,"65-69 ปี",หญิง,150242.00,คน,สำนักงานสถิติแห่งชาติ
2560,ภาคกลาง(ไม่รวมกรุงเทพมหานคร),รวม,"65-69 ปี",หญิง,384068.00,คน,สำนักงานสถิติแห่งชาติ
2560,ภาคเหนือ,รวม,"65-69 ปี",หญิง,303616.00,คน,สำนักงานสถิติแห่งชาติ
2560,ภาคตะวันออกเฉียงเหนือ,รวม,"65-69 ปี",หญิง,469904.00,คน,สำนักงานสถิติแห่งชาติ
2560,ภาคใต้,รวม,"65-69 ปี",หญิง,167793.00,คน,สำนักงานสถิติแห่งชาติ
2560,ทั่วประเทศ,รวม,"70-74 ปี",หญิง,1059119.00,คน,สำนักงานสถิติแห่งชาติ
2560,ทั่วประเทศ,ในเขตเทศบาล,"70-74 ปี",หญิง,432704.00,คน,สำนักงานสถิติแห่งชาติ
2560,ทั่วประเทศ,นอกเขตเทศบาล,"70-74 ปี",หญิง,626415.00,คน,สำนักงานสถิติแห่งชาติ
2560,กรุงเทพมหานคร,ในเขตเทศบาล,"70-74 ปี",หญิง,98337.00,คน,สำนักงานสถิติแห่งชาติ
2560,ภาคกลาง(ไม่รวมกรุงเทพมหานคร),รวม,"70-74 ปี",หญิง,271686.00,คน,สำนักงานสถิติแห่งชาติ
2560,ภาคเหนือ,รวม,"70-74 ปี",หญิง,204194.00,คน,สำนักงานสถิติแห่งชาติ
2560,ภาคตะวันออกเฉียงเหนือ,รวม,"70-74 ปี",หญิง,360108.00,คน,สำนักงานสถิติแห่งชาติ
2560,ภาคใต้,รวม,"70-74 ปี",หญิง,124794.00,คน,สำนักงานสถิติแห่งชาติ
2560,ทั่วประเทศ,รวม,"75-79 ปี",หญิง,769991.00,คน,สำนักงานสถิติแห่งชาติ
2560,ทั่วประเทศ,ในเขตเทศบาล,"75-79 ปี",หญิง,316168.00,คน,สำนักงานสถิติแห่งชาติ
2560,ทั่วประเทศ,นอกเขตเทศบาล,"75-79 ปี",หญิง,453823.00,คน,สำนักงานสถิติแห่งชาติ
2560,กรุงเทพมหานคร,ในเขตเทศบาล,"75-79 ปี",หญิง,71273.00,คน,สำนักงานสถิติแห่งชาติ
2560,ภาคกลาง(ไม่รวมกรุงเทพมหานคร),รวม,"75-79 ปี",หญิง,204569.00,คน,สำนักงานสถิติแห่งชาติ
2560,ภาคเหนือ,รวม,"75-79 ปี",หญิง,155567.00,คน,สำนักงานสถิติแห่งชาติ
2560,ภาคตะวันออกเฉียงเหนือ,รวม,"75-79 ปี",หญิง,243926.00,คน,สำนักงานสถิติแห่งชาติ
2560,ภาคใต้,รวม,"75-79 ปี",หญิง,94656.00,คน,สำนักงานสถิติแห่งชาติ
2560,ทั่วประเทศ,รวม,"80 ปีขึ้นไป",หญิง,940455.00,คน,สำนักงานสถิติแห่งชาติ
2560,ทั่วประเทศ,ในเขตเทศบาล,"80 ปีขึ้นไป",หญิง,381564.00,คน,สำนักงานสถิติแห่งชาติ
2560,ทั่วประเทศ,นอกเขตเทศบาล,"80 ปีขึ้นไป",หญิง,558891.00,คน,สำนักงานสถิติแห่งชาติ
2560,กรุงเทพมหานคร,ในเขตเทศบาล,"80 ปีขึ้นไป",หญิง,81747.00,คน,สำนักงานสถิติแห่งชาติ
2560,ภาคกลาง(ไม่รวมกรุงเทพมหานคร),รวม,"80 ปีขึ้นไป",หญิง,249446.00,คน,สำนักงานสถิติแห่งชาติ
2560,ภาคเหนือ,รวม,"80 ปีขึ้นไป",หญิง,201975.00,คน,สำนักงานสถิติแห่งชาติ
2560,ภาคตะวันออกเฉียงเหนือ,รวม,"80 ปีขึ้นไป",หญิง,277047.00,คน,สำนักงานสถิติแห่งชาติ
2560,ภาคใต้,รวม,"80 ปีขึ้นไป",หญิง,130240.00,คน,สำนักงานสถิติแห่งชาติ
2564,ทั่วประเทศ,รวม,รวม,รวม,13358751.00,คน,สำนักงานสถิติแห่งชาติ
2564,ทั่วประเทศ,ในเขตเทศบาล,รวม,รวม,5560347.00,คน,สำนักงานสถิติแห่งชาติ
2564,ทั่วประเทศ,นอกเขตเทศบาล,รวม,รวม,7798404.00,คน,สำนักงานสถิติแห่งชาติ
2564,กรุงเทพมหานคร,ในเขตเทศบาล,รวม,รวม,1342826.00,คน,สำนักงานสถิติแห่งชาติ
2564,ภาคกลาง(ไม่รวมกรุงเทพมหานคร),รวม,รวม,รวม,3518228.00,คน,สำนักงานสถิติแห่งชาติ
2564,ภาคเหนือ,รวม,รวม,รวม,2810618.00,คน,สำนักงานสถิติแห่งชาติ
2564,ภาคตะวันออกเฉียงเหนือ,รวม,รวม,รวม,4120579.00,คน,สำนักงานสถิติแห่งชาติ
2564,ภาคใต้,รวม,รวม,รวม,1566500.00,คน,สำนักงานสถิติแห่งชาติ
2564,ทั่วประเทศ,รวม,"60-69 ปี",รวม,7645141.00,คน,สำนักงานสถิติแห่งชาติ
2564,ทั่วประเทศ,ในเขตเทศบาล,"60-69 ปี",รวม,3245350.00,คน,สำนักงานสถิติแห่งชาติ
2564,ทั่วประเทศ,นอกเขตเทศบาล,"60-69 ปี",รวม,4399791.00,คน,สำนักงานสถิติแห่งชาติ
2564,กรุงเทพมหานคร,ในเขตเทศบาล,"60-69 ปี",รวม,826009.00,คน,สำนักงานสถิติแห่งชาติ
2564,ภาคกลาง(ไม่รวมกรุงเทพมหานคร),รวม,"60-69 ปี",รวม,2045818.00,คน,สำนักงานสถิติแห่งชาติ
2564,ภาคเหนือ,รวม,"60-69 ปี",รวม,1632743.00,คน,สำนักงานสถิติแห่งชาติ
2564,ภาคตะวันออกเฉียงเหนือ,รวม,"60-69 ปี",รวม,2267458.00,คน,สำนักงานสถิติแห่งชาติ
2564,ภาคใต้,รวม,"60-69 ปี",รวม,873113.00,คน,สำนักงานสถิติแห่งชาติ
2564,ทั่วประเทศ,รวม,"70-79 ปี",รวม,3942668.00,คน,สำนักงานสถิติแห่งชาติ
2564,ทั่วประเทศ,ในเขตเทศบาล,"70-79 ปี",รวม,1602668.00,คน,สำนักงานสถิติแห่งชาติ
2564,ทั่วประเทศ,นอกเขตเทศบาล,"70-79 ปี",รวม,2340000.00,คน,สำนักงานสถิติแห่งชาติ
2564,กรุงเทพมหานคร,ในเขตเทศบาล,"70-79 ปี",รวม,365262.00,คน,สำนักงานสถิติแห่งชาติ
2564,ภาคกลาง(ไม่รวมกรุงเทพมหานคร),รวม,"70-79 ปี",รวม,1005596.00,คน,สำนักงานสถิติแห่งชาติ
2564,ภาคเหนือ,รวม,"70-79 ปี",รวม,800688.00,คน,สำนักงานสถิติแห่งชาติ
2564,ภาคตะวันออกเฉียงเหนือ,รวม,"70-79 ปี",รวม,1311402.00,คน,สำนักงานสถิติแห่งชาติ
2564,ภาคใต้,รวม,"70-79 ปี",รวม,459720.00,คน,สำนักงานสถิติแห่งชาติ
2564,ทั่วประเทศ,รวม,"80 ปีขึ้นไป",รวม,1770942.00,คน,สำนักงานสถิติแห่งชาติ
2564,ทั่วประเทศ,ในเขตเทศบาล,"80 ปีขึ้นไป",รวม,712329.00,คน,สำนักงานสถิติแห่งชาติ
2564,ทั่วประเทศ,นอกเขตเทศบาล,"80 ปีขึ้นไป",รวม,1058613.00,คน,สำนักงานสถิติแห่งชาติ
2564,กรุงเทพมหานคร,ในเขตเทศบาล,"80 ปีขึ้นไป",รวม,151555.00,คน,สำนักงานสถิติแห่งชาติ
2564,ภาคกลาง(ไม่รวมกรุงเทพมหานคร),รวม,"80 ปีขึ้นไป",รวม,466814.00,คน,สำนักงานสถิติแห่งชาติ
2564,ภาคเหนือ,รวม,"80 ปีขึ้นไป",รวม,377187.00,คน,สำนักงานสถิติแห่งชาติ
2564,ภาคตะวันออกเฉียงเหนือ,รวม,"80 ปีขึ้นไป",รวม,541719.00,คน,สำนักงานสถิติแห่งชาติ
2564,ภาคใต้,รวม,"80 ปีขึ้นไป",รวม,233667.00,คน,สำนักงานสถิติแห่งชาติ
2564,ทั่วประเทศ,รวม,รวม,ชาย,5974022.00,คน,สำนักงานสถิติแห่งชาติ
2564,ทั่วประเทศ,ในเขตเทศบาล,รวม,ชาย,2453773.00,คน,สำนักงานสถิติแห่งชาติ
2564,ทั่วประเทศ,นอกเขตเทศบาล,รวม,ชาย,3520249.00,คน,สำนักงานสถิติแห่งชาติ
2564,กรุงเทพมหานคร,ในเขตเทศบาล,รวม,ชาย,589175.00,คน,สำนักงานสถิติแห่งชาติ
2564,ภาคกลาง(ไม่รวมกรุงเทพมหานคร),รวม,รวม,ชาย,1540293.00,คน,สำนักงานสถิติแห่งชาติ
2564,ภาคเหนือ,รวม,รวม,ชาย,1278780.00,คน,สำนักงานสถิติแห่งชาติ
2564,ภาคตะวันออกเฉียงเหนือ,รวม,รวม,ชาย,1869679.00,คน,สำนักงานสถิติแห่งชาติ
2564,ภาคใต้,รวม,รวม,ชาย,696095.00,คน,สำนักงานสถิติแห่งชาติ
2564,ทั่วประเทศ,รวม,"60-69 ปี",ชาย,3552956.00,คน,สำนักงานสถิติแห่งชาติ
2564,ทั่วประเทศ,ในเขตเทศบาล,"60-69 ปี",ชาย,1491128.00,คน,สำนักงานสถิติแห่งชาติ
2564,ทั่วประเทศ,นอกเขตเทศบาล,"60-69 ปี",ชาย,2061828.00,คน,สำนักงานสถิติแห่งชาติ
2564,กรุงเทพมหานคร,ในเขตเทศบาล,"60-69 ปี",ชาย,378757.00,คน,สำนักงานสถิติแห่งชาติ
2564,ภาคกลาง(ไม่รวมกรุงเทพมหานคร),รวม,"60-69 ปี",ชาย,935789.00,คน,สำนักงานสถิติแห่งชาติ
2564,ภาคเหนือ,รวม,"60-69 ปี",ชาย,762599.00,คน,สำนักงานสถิติแห่งชาติ
2564,ภาคตะวันออกเฉียงเหนือ,รวม,"60-69 ปี",ชาย,1068220.00,คน,สำนักงานสถิติแห่งชาติ
2564,ภาคใต้,รวม,"60-69 ปี",ชาย,407591.00,คน,สำนักงานสถิติแห่งชาติ
2564,ทั่วประเทศ,รวม,"70-79 ปี",ชาย,1740244.00,คน,สำนักงานสถิติแห่งชาติ
2564,ทั่วประเทศ,ในเขตเทศบาล,"70-79 ปี",ชาย,693426.00,คน,สำนักงานสถิติแห่งชาติ
2564,ทั่วประเทศ,นอกเขตเทศบาล,"70-79 ปี",ชาย,1046818.00,คน,สำนักงานสถิติแห่งชาติ
2564,กรุงเทพมหานคร,ในเขตเทศบาล,"70-79 ปี",ชาย,154097.00,คน,สำนักงานสถิติแห่งชาติ
2564,ภาคกลาง(ไม่รวมกรุงเทพมหานคร),รวม,"70-79 ปี",ชาย,429348.00,คน,สำนักงานสถิติแห่งชาติ
2564,ภาคเหนือ,รวม,"70-79 ปี",ชาย,364448.00,คน,สำนักงานสถิติแห่งชาติ
2564,ภาคตะวันออกเฉียงเหนือ,รวม,"70-79 ปี",ชาย,590961.00,คน,สำนักงานสถิติแห่งชาติ
2564,ภาคใต้,รวม,"70-79 ปี",ชาย,201390.00,คน,สำนักงานสถิติแห่งชาติ
2564,ทั่วประเทศ,รวม,"80 ปีขึ้นไป",ชาย,680822.00,คน,สำนักงานสถิติแห่งชาติ
2564,ทั่วประเทศ,ในเขตเทศบาล,"80 ปีขึ้นไป",ชาย,269219.00,คน,สำนักงานสถิติแห่งชาติ
2564,ทั่วประเทศ,นอกเขตเทศบาล,"80 ปีขึ้นไป",ชาย,411603.00,คน,สำนักงานสถิติแห่งชาติ
2564,กรุงเทพมหานคร,ในเขตเทศบาล,"80 ปีขึ้นไป",ชาย,56321.00,คน,สำนักงานสถิติแห่งชาติ
2564,ภาคกลาง(ไม่รวมกรุงเทพมหานคร),รวม,"80 ปีขึ้นไป",ชาย,175156.00,คน,สำนักงานสถิติแห่งชาติ
2564,ภาคเหนือ,รวม,"80 ปีขึ้นไป",ชาย,151733.00,คน,สำนักงานสถิติแห่งชาติ
2564,ภาคตะวันออกเฉียงเหนือ,รวม,"80 ปีขึ้นไป",ชาย,210498.00,คน,สำนักงานสถิติแห่งชาติ
2564,ภาคใต้,รวม,"80 ปีขึ้นไป",ชาย,87114.00,คน,สำนักงานสถิติแห่งชาติ
2564,ทั่วประเทศ,รวม,รวม,หญิง,7384729.00,คน,สำนักงานสถิติแห่งชาติ
2564,ทั่วประเทศ,ในเขตเทศบาล,รวม,หญิง,3106574.00,คน,สำนักงานสถิติแห่งชาติ
2564,ทั่วประเทศ,นอกเขตเทศบาล,รวม,หญิง,4278155.00,คน,สำนักงานสถิติแห่งชาติ
2564,กรุงเทพมหานคร,ในเขตเทศบาล,รวม,หญิง,753651.00,คน,สำนักงานสถิติแห่งชาติ
2564,ภาคกลาง(ไม่รวมกรุงเทพมหานคร),รวม,รวม,หญิง,1977935.00,คน,สำนักงานสถิติแห่งชาติ
2564,ภาคเหนือ,รวม,รวม,หญิง,1531838.00,คน,สำนักงานสถิติแห่งชาติ
2564,ภาคตะวันออกเฉียงเหนือ,รวม,รวม,หญิง,2250900.00,คน,สำนักงานสถิติแห่งชาติ
2564,ภาคใต้,รวม,รวม,หญิง,870405.00,คน,สำนักงานสถิติแห่งชาติ
2564,ทั่วประเทศ,รวม,"60-69 ปี",หญิง,4092185.00,คน,สำนักงานสถิติแห่งชาติ
2564,ทั่วประเทศ,ในเขตเทศบาล,"60-69 ปี",หญิง,1754222.00,คน,สำนักงานสถิติแห่งชาติ
2564,ทั่วประเทศ,นอกเขตเทศบาล,"60-69 ปี",หญิง,2337963.00,คน,สำนักงานสถิติแห่งชาติ
2564,กรุงเทพมหานคร,ในเขตเทศบาล,"60-69 ปี",หญิง,447252.00,คน,สำนักงานสถิติแห่งชาติ
2564,ภาคกลาง(ไม่รวมกรุงเทพมหานคร),รวม,"60-69 ปี",หญิง,1110029.00,คน,สำนักงานสถิติแห่งชาติ
2564,ภาคเหนือ,รวม,"60-69 ปี",หญิง,870144.00,คน,สำนักงานสถิติแห่งชาติ
2564,ภาคตะวันออกเฉียงเหนือ,รวม,"60-69 ปี",หญิง,1199238.00,คน,สำนักงานสถิติแห่งชาติ
2564,ภาคใต้,รวม,"60-69 ปี",หญิง,465522.00,คน,สำนักงานสถิติแห่งชาติ
2564,ทั่วประเทศ,รวม,"70-79 ปี",หญิง,2202424.00,คน,สำนักงานสถิติแห่งชาติ
2564,ทั่วประเทศ,ในเขตเทศบาล,"70-79 ปี",หญิง,909242.00,คน,สำนักงานสถิติแห่งชาติ
2564,ทั่วประเทศ,นอกเขตเทศบาล,"70-79 ปี",หญิง,1293182.00,คน,สำนักงานสถิติแห่งชาติ
2564,กรุงเทพมหานคร,ในเขตเทศบาล,"70-79 ปี",หญิง,211165.00,คน,สำนักงานสถิติแห่งชาติ
2564,ภาคกลาง(ไม่รวมกรุงเทพมหานคร),รวม,"70-79 ปี",หญิง,576248.00,คน,สำนักงานสถิติแห่งชาติ
2564,ภาคเหนือ,รวม,"70-79 ปี",หญิง,436240.00,คน,สำนักงานสถิติแห่งชาติ
2564,ภาคตะวันออกเฉียงเหนือ,รวม,"70-79 ปี",หญิง,720441.00,คน,สำนักงานสถิติแห่งชาติ
2564,ภาคใต้,รวม,"70-79 ปี",หญิง,258330.00,คน,สำนักงานสถิติแห่งชาติ
2564,ทั่วประเทศ,รวม,"80 ปีขึ้นไป",หญิง,1090120.00,คน,สำนักงานสถิติแห่งชาติ
2564,ทั่วประเทศ,ในเขตเทศบาล,"80 ปีขึ้นไป",หญิง,443110.00,คน,สำนักงานสถิติแห่งชาติ
2564,ทั่วประเทศ,นอกเขตเทศบาล,"80 ปีขึ้นไป",หญิง,647010.00,คน,สำนักงานสถิติแห่งชาติ
2564,กรุงเทพมหานคร,ในเขตเทศบาล,"80 ปีขึ้นไป",หญิง,95234.00,คน,สำนักงานสถิติแห่งชาติ
2564,ภาคกลาง(ไม่รวมกรุงเทพมหานคร),รวม,"80 ปีขึ้นไป",หญิง,291658.00,คน,สำนักงานสถิติแห่งชาติ
2564,ภาคเหนือ,รวม,"80 ปีขึ้นไป",หญิง,225454.00,คน,สำนักงานสถิติแห่งชาติ
2564,ภาคตะวันออกเฉียงเหนือ,รวม,"80 ปีขึ้นไป",หญิง,331221.00,คน,สำนักงานสถิติแห่งชาติ
2564,ภาคใต้,รวม,"80 ปีขึ้นไป",หญิง,146553.00,คน,สำนักงานสถิติแห่งชาติ
